Cement,Blast Furnace Slag,Fly Ash,Water,Superplasticizer,Coarse Aggregate,Fine Aggregate,Age,Strength,Material_Cost_INR,Carbon_Emission_kgCO2
540.0,0.0,0.0,162.0,2.5,1040.0,676.0,28,79.99,6822.1,502.4486
540.0,0.0,0.0,162.0,2.5,1055.0,676.0,28,61.89,6840.1,502.5686
332.5,142.5,0.0,228.0,0.0,932.0,594.0,270,40.27,4977.55,317.15440000000007
332.5,142.5,0.0,228.0,0.0,932.0,594.0,365,41.05,4977.55,317.15440000000007
198.6,132.4,0.0,192.0,0.0,978.4,825.5,360,44.3,4094.48,197.63710000000003
266.0,114.0,0.0,228.0,0.0,932.0,670.0,90,47.03,4402.8,256.2024
380.0,95.0,0.0,228.0,0.0,932.0,594.0,365,43.7,5238.8,357.43440000000004
380.0,95.0,0.0,228.0,0.0,932.0,594.0,28,36.45,5238.8,357.43440000000004
266.0,114.0,0.0,228.0,0.0,932.0,670.0,28,45.85,4402.8,256.2024
475.0,0.0,0.0,228.0,0.0,932.0,594.0,28,39.29,5761.3,437.99440000000004
198.6,132.4,0.0,192.0,0.0,978.4,825.5,90,38.07,4094.48,197.63710000000003
198.6,132.4,0.0,192.0,0.0,978.4,825.5,28,28.02,4094.48,197.63710000000003
427.5,47.5,0.0,228.0,0.0,932.0,594.0,270,43.01,5500.05,397.71440000000007
190.0,190.0,0.0,228.0,0.0,932.0,670.0,90,42.33,3984.8,191.75439999999998
304.0,76.0,0.0,228.0,0.0,932.0,670.0,28,47.81,4611.8,288.42640000000006
380.0,0.0,0.0,228.0,0.0,932.0,670.0,90,52.91,5029.8,352.87440000000004
139.6,209.4,0.0,192.0,0.0,1047.0,806.9,90,39.36,3887.7,148.9969
342.0,38.0,0.0,228.0,0.0,932.0,670.0,365,56.14,4820.8,320.65040000000005
380.0,95.0,0.0,228.0,0.0,932.0,594.0,90,40.56,5238.8,357.43440000000004
475.0,0.0,0.0,228.0,0.0,932.0,594.0,180,42.62,5761.3,437.99440000000004
427.5,47.5,0.0,228.0,0.0,932.0,594.0,180,41.84,5500.05,397.71440000000007
139.6,209.4,0.0,192.0,0.0,1047.0,806.9,28,28.24,3887.7,148.9969
139.6,209.4,0.0,192.0,0.0,1047.0,806.9,3,8.06,3887.7,148.9969
139.6,209.4,0.0,192.0,0.0,1047.0,806.9,180,44.21,3887.7,148.9969
380.0,0.0,0.0,228.0,0.0,932.0,670.0,365,52.52,5029.8,352.87440000000004
380.0,0.0,0.0,228.0,0.0,932.0,670.0,270,53.3,5029.8,352.87440000000004
380.0,95.0,0.0,228.0,0.0,932.0,594.0,270,41.15,5238.8,357.43440000000004
342.0,38.0,0.0,228.0,0.0,932.0,670.0,180,52.12,4820.8,320.65040000000005
427.5,47.5,0.0,228.0,0.0,932.0,594.0,28,37.43,5500.05,397.71440000000007
475.0,0.0,0.0,228.0,0.0,932.0,594.0,7,38.6,5761.3,437.99440000000004
304.0,76.0,0.0,228.0,0.0,932.0,670.0,365,55.26,4611.8,288.42640000000006
266.0,114.0,0.0,228.0,0.0,932.0,670.0,365,52.91,4402.8,256.2024
198.6,132.4,0.0,192.0,0.0,978.4,825.5,180,41.72,4094.48,197.63710000000003
475.0,0.0,0.0,228.0,0.0,932.0,594.0,270,42.13,5761.3,437.99440000000004
190.0,190.0,0.0,228.0,0.0,932.0,670.0,365,53.69,3984.8,191.75439999999998
237.5,237.5,0.0,228.0,0.0,932.0,594.0,270,38.41,4455.05,236.59439999999998
237.5,237.5,0.0,228.0,0.0,932.0,594.0,28,30.08,4455.05,236.59439999999998
332.5,142.5,0.0,228.0,0.0,932.0,594.0,90,37.72,4977.55,317.15440000000007
475.0,0.0,0.0,228.0,0.0,932.0,594.0,90,42.23,5761.3,437.99440000000004
237.5,237.5,0.0,228.0,0.0,932.0,594.0,180,36.25,4455.05,236.59439999999998
342.0,38.0,0.0,228.0,0.0,932.0,670.0,90,50.46,4820.8,320.65040000000005
427.5,47.5,0.0,228.0,0.0,932.0,594.0,365,43.7,5500.05,397.71440000000007
237.5,237.5,0.0,228.0,0.0,932.0,594.0,365,39.0,4455.05,236.59439999999998
380.0,0.0,0.0,228.0,0.0,932.0,670.0,180,53.1,5029.8,352.87440000000004
427.5,47.5,0.0,228.0,0.0,932.0,594.0,90,41.54,5500.05,397.71440000000007
427.5,47.5,0.0,228.0,0.0,932.0,594.0,7,35.08,5500.05,397.71440000000007
349.0,0.0,0.0,192.0,0.0,1047.0,806.9,3,15.05,5039.4,326.56809999999996
380.0,95.0,0.0,228.0,0.0,932.0,594.0,180,40.76,5238.8,357.43440000000004
237.5,237.5,0.0,228.0,0.0,932.0,594.0,7,26.26,4455.05,236.59439999999998
380.0,95.0,0.0,228.0,0.0,932.0,594.0,7,32.82,5238.8,357.43440000000004
332.5,142.5,0.0,228.0,0.0,932.0,594.0,180,39.78,4977.55,317.15440000000007
190.0,190.0,0.0,228.0,0.0,932.0,670.0,180,46.93,3984.8,191.75439999999998
237.5,237.5,0.0,228.0,0.0,932.0,594.0,90,33.12,4455.05,236.59439999999998
304.0,76.0,0.0,228.0,0.0,932.0,670.0,90,49.19,4611.8,288.42640000000006
139.6,209.4,0.0,192.0,0.0,1047.0,806.9,7,14.59,3887.7,148.9969
198.6,132.4,0.0,192.0,0.0,978.4,825.5,7,14.64,4094.48,197.63710000000003
475.0,0.0,0.0,228.0,0.0,932.0,594.0,365,41.93,5761.3,437.99440000000004
198.6,132.4,0.0,192.0,0.0,978.4,825.5,3,9.13,4094.48,197.63710000000003
304.0,76.0,0.0,228.0,0.0,932.0,670.0,180,50.95,4611.8,288.42640000000006
332.5,142.5,0.0,228.0,0.0,932.0,594.0,28,33.02,4977.55,317.15440000000007
304.0,76.0,0.0,228.0,0.0,932.0,670.0,270,54.38,4611.8,288.42640000000006
266.0,114.0,0.0,228.0,0.0,932.0,670.0,270,51.73,4402.8,256.2024
310.0,0.0,0.0,192.0,0.0,971.0,850.6,3,9.87,4660.400000000001,291.07859999999994
190.0,190.0,0.0,228.0,0.0,932.0,670.0,270,50.66,3984.8,191.75439999999998
266.0,114.0,0.0,228.0,0.0,932.0,670.0,180,48.7,4402.8,256.2024
342.0,38.0,0.0,228.0,0.0,932.0,670.0,270,55.06,4820.8,320.65040000000005
139.6,209.4,0.0,192.0,0.0,1047.0,806.9,360,44.7,3887.7,148.9969
332.5,142.5,0.0,228.0,0.0,932.0,594.0,7,30.28,4977.55,317.15440000000007
190.0,190.0,0.0,228.0,0.0,932.0,670.0,28,40.86,3984.8,191.75439999999998
485.0,0.0,0.0,146.0,0.0,1120.0,800.0,28,71.99,6273.8,449.50379999999996
374.0,189.2,0.0,170.1,10.1,926.1,756.7,3,34.4,6835.124999999999,376.66973
313.3,262.2,0.0,175.5,8.6,1046.9,611.8,3,28.8,6358.505,323.2592500000001
425.0,106.3,0.0,153.5,16.5,852.1,887.1,3,33.4,7828.6950000000015,430.34594999999996
425.0,106.3,0.0,151.4,18.6,936.0,803.7,3,36.3,8097.87,434.54752
375.0,93.8,0.0,126.6,23.4,852.1,992.6,3,29.0,8298.35,398.18738
475.0,118.8,0.0,181.1,8.9,852.1,781.5,3,37.8,7274.975,461.18823000000003
469.0,117.2,0.0,137.8,32.2,852.1,840.5,3,40.2,10072.010000000002,499.79104
388.6,97.1,0.0,157.9,12.1,852.1,925.7,3,28.1,7002.515,389.02986999999996
531.3,0.0,0.0,141.8,28.2,852.1,893.7,3,41.3,9823.36,542.5138399999998
318.8,212.5,0.0,155.7,14.3,852.1,880.4,3,25.2,6974.004999999999,336.11951000000005
401.8,94.7,0.0,147.4,11.4,946.8,852.1,3,41.1,7063.030000000001,399.85552
362.6,189.0,0.0,164.9,11.6,944.7,755.8,3,35.3,6938.785000000001,369.36206999999996
323.7,282.8,0.0,183.8,10.3,942.7,659.9,3,28.3,6636.179999999999,336.29584
379.5,151.2,0.0,153.9,15.9,1134.3,605.0,3,28.6,7561.205,391.44997
286.3,200.9,0.0,144.7,11.2,1004.6,803.7,3,24.4,6396.705000000001,301.27151000000003
439.0,177.0,0.0,186.0,11.1,884.9,707.9,3,39.3,7373.58,435.8465
389.9,189.0,0.0,145.9,22.0,944.7,755.8,3,40.6,8417.885,413.4783699999999
337.9,189.0,0.0,174.9,9.5,944.7,755.8,3,24.1,6477.335,343.18707
374.0,189.2,0.0,170.1,10.1,926.1,756.7,7,46.2,6835.124999999999,376.66973
313.3,262.2,0.0,175.5,8.6,1046.9,611.8,7,42.8,6358.505,323.2592500000001
425.0,106.3,0.0,153.5,16.5,852.1,887.1,7,49.2,7828.6950000000015,430.34594999999996
425.0,106.3,0.0,151.4,18.6,936.0,803.7,7,46.8,8097.87,434.54752
375.0,93.8,0.0,126.6,23.4,852.1,992.6,7,45.7,8298.35,398.18738
475.0,118.8,0.0,181.1,8.9,852.1,781.5,7,55.6,7274.975,461.18823000000003
469.0,117.2,0.0,137.8,32.2,852.1,840.5,7,54.9,10072.010000000002,499.79104
388.6,97.1,0.0,157.9,12.1,852.1,925.7,7,34.9,7002.515,389.02986999999996
531.3,0.0,0.0,141.8,28.2,852.1,893.7,7,46.9,9823.36,542.5138399999998
318.8,212.5,0.0,155.7,14.3,852.1,880.4,7,33.4,6974.004999999999,336.11951000000005
401.8,94.7,0.0,147.4,11.4,946.8,852.1,7,54.1,7063.030000000001,399.85552
362.6,189.0,0.0,164.9,11.6,944.7,755.8,7,55.9,6938.785000000001,369.36206999999996
323.7,282.8,0.0,183.8,10.3,942.7,659.9,7,49.8,6636.179999999999,336.29584
379.5,151.2,0.0,153.9,15.9,1134.3,605.0,7,47.1,7561.205,391.44997
286.3,200.9,0.0,144.7,11.2,1004.6,803.7,7,38.0,6396.705000000001,301.27151000000003
439.0,177.0,0.0,186.0,11.1,884.9,707.9,7,56.1,7373.58,435.8465
389.9,189.0,0.0,145.9,22.0,944.7,755.8,7,59.09,8417.885,413.4783699999999
362.6,189.0,0.0,164.9,11.6,944.7,755.8,7,22.9,6938.785000000001,369.36206999999996
337.9,189.0,0.0,174.9,9.5,944.7,755.8,7,35.1,6477.335,343.18707
374.0,189.2,0.0,170.1,10.1,926.1,756.7,28,61.09,6835.124999999999,376.66973
313.3,262.2,0.0,175.5,8.6,1046.9,611.8,28,59.8,6358.505,323.2592500000001
425.0,106.3,0.0,153.5,16.5,852.1,887.1,28,60.29,7828.6950000000015,430.34594999999996
425.0,106.3,0.0,151.4,18.6,936.0,803.7,28,61.8,8097.87,434.54752
375.0,93.8,0.0,126.6,23.4,852.1,992.6,28,56.7,8298.35,398.18738
475.0,118.8,0.0,181.1,8.9,852.1,781.5,28,68.3,7274.975,461.18823000000003
469.0,117.2,0.0,137.8,32.2,852.1,840.5,28,66.9,10072.010000000002,499.79104
388.6,97.1,0.0,157.9,12.1,852.1,925.7,28,50.7,7002.515,389.02986999999996
531.3,0.0,0.0,141.8,28.2,852.1,893.7,28,56.4,9823.36,542.5138399999998
318.8,212.5,0.0,155.7,14.3,852.1,880.4,28,55.5,6974.004999999999,336.11951000000005
401.8,94.7,0.0,147.4,11.4,946.8,852.1,28,68.5,7063.030000000001,399.85552
362.6,189.0,0.0,164.9,11.6,944.7,755.8,28,71.3,6938.785000000001,369.36206999999996
323.7,282.8,0.0,183.8,10.3,942.7,659.9,28,74.7,6636.179999999999,336.29584
379.5,151.2,0.0,153.9,15.9,1134.3,605.0,28,52.2,7561.205,391.44997
286.3,200.9,0.0,144.7,11.2,1004.6,803.7,28,67.7,6396.705000000001,301.27151000000003
439.0,177.0,0.0,186.0,11.1,884.9,707.9,28,66.0,7373.58,435.8465
389.9,189.0,0.0,145.9,22.0,944.7,755.8,28,74.5,8417.885,413.4783699999999
337.9,189.0,0.0,174.9,9.5,944.7,755.8,28,49.9,6477.335,343.18707
374.0,189.2,0.0,170.1,10.1,926.1,756.7,56,63.4,6835.124999999999,376.66973
313.3,262.2,0.0,175.5,8.6,1046.9,611.8,56,64.9,6358.505,323.2592500000001
425.0,106.3,0.0,153.5,16.5,852.1,887.1,56,64.3,7828.6950000000015,430.34594999999996
425.0,106.3,0.0,151.4,18.6,936.0,803.7,56,64.9,8097.87,434.54752
375.0,93.8,0.0,126.6,23.4,852.1,992.6,56,60.2,8298.35,398.18738
475.0,118.8,0.0,181.1,8.9,852.1,781.5,56,72.3,7274.975,461.18823000000003
469.0,117.2,0.0,137.8,32.2,852.1,840.5,56,69.3,10072.010000000002,499.79104
388.6,97.1,0.0,157.9,12.1,852.1,925.7,56,55.2,7002.515,389.02986999999996
531.3,0.0,0.0,141.8,28.2,852.1,893.7,56,58.8,9823.36,542.5138399999998
318.8,212.5,0.0,155.7,14.3,852.1,880.4,56,66.1,6974.004999999999,336.11951000000005
401.8,94.7,0.0,147.4,11.4,946.8,852.1,56,73.7,7063.030000000001,399.85552
362.6,189.0,0.0,164.9,11.6,944.7,755.8,56,77.3,6938.785000000001,369.36206999999996
323.7,282.8,0.0,183.8,10.3,942.7,659.9,56,80.2,6636.179999999999,336.29584
379.5,151.2,0.0,153.9,15.9,1134.3,605.0,56,54.9,7561.205,391.44997
286.3,200.9,0.0,144.7,11.2,1004.6,803.7,56,72.99,6396.705000000001,301.27151000000003
439.0,177.0,0.0,186.0,11.1,884.9,707.9,56,71.7,7373.58,435.8465
389.9,189.0,0.0,145.9,22.0,944.7,755.8,56,79.4,8417.885,413.4783699999999
337.9,189.0,0.0,174.9,9.5,944.7,755.8,56,59.89,6477.335,343.18707
374.0,189.2,0.0,170.1,10.1,926.1,756.7,91,64.9,6835.124999999999,376.66973
313.3,262.2,0.0,175.5,8.6,1046.9,611.8,91,66.6,6358.505,323.2592500000001
425.0,106.3,0.0,153.5,16.5,852.1,887.1,91,65.2,7828.6950000000015,430.34594999999996
425.0,106.3,0.0,151.4,18.6,936.0,803.7,91,66.7,8097.87,434.54752
375.0,93.8,0.0,126.6,23.4,852.1,992.6,91,62.5,8298.35,398.18738
475.0,118.8,0.0,181.1,8.9,852.1,781.5,91,74.19,7274.975,461.18823000000003
469.0,117.2,0.0,137.8,32.2,852.1,840.5,91,70.7,10072.010000000002,499.79104
388.6,97.1,0.0,157.9,12.1,852.1,925.7,91,57.6,7002.515,389.02986999999996
531.3,0.0,0.0,141.8,28.2,852.1,893.7,91,59.2,9823.36,542.5138399999998
318.8,212.5,0.0,155.7,14.3,852.1,880.4,91,68.1,6974.004999999999,336.11951000000005
401.8,94.7,0.0,147.4,11.4,946.8,852.1,91,75.5,7063.030000000001,399.85552
362.6,189.0,0.0,164.9,11.6,944.7,755.8,91,79.3,6938.785000000001,369.36206999999996
379.5,151.2,0.0,153.9,15.9,1134.3,605.0,91,56.5,7561.205,391.44997
286.3,200.9,0.0,144.7,11.2,1004.6,803.7,91,76.8,6396.705000000001,301.27151000000003
439.0,177.0,0.0,186.0,11.1,884.9,707.9,91,73.3,7373.58,435.8465
389.9,189.0,0.0,145.9,22.0,944.7,755.8,91,82.6,8417.885,413.4783699999999
337.9,189.0,0.0,174.9,9.5,944.7,755.8,91,67.8,6477.335,343.18707
222.4,0.0,96.7,189.3,4.5,967.1,870.3,3,11.58,4664.085,223.37598999999997
222.4,0.0,96.7,189.3,4.5,967.1,870.3,14,24.45,4664.085,223.37598999999997
222.4,0.0,96.7,189.3,4.5,967.1,870.3,28,24.89,4664.085,223.37598999999997
222.4,0.0,96.7,189.3,4.5,967.1,870.3,56,29.45,4664.085,223.37598999999997
222.4,0.0,96.7,189.3,4.5,967.1,870.3,100,40.71,4664.085,223.37598999999997
233.8,0.0,94.6,197.9,4.6,947.0,852.2,3,10.38,4726.995,233.51857
233.8,0.0,94.6,197.9,4.6,947.0,852.2,14,22.14,4726.995,233.51857
233.8,0.0,94.6,197.9,4.6,947.0,852.2,28,22.84,4726.995,233.51857
233.8,0.0,94.6,197.9,4.6,947.0,852.2,56,27.66,4726.995,233.51857
233.8,0.0,94.6,197.9,4.6,947.0,852.2,100,34.56,4726.995,233.51857
194.7,0.0,100.5,165.6,7.5,1006.4,905.9,3,12.45,4877.81,204.67388
194.7,0.0,100.5,165.6,7.5,1006.4,905.9,14,24.99,4877.81,204.67388
194.7,0.0,100.5,165.6,7.5,1006.4,905.9,28,25.72,4877.81,204.67388
194.7,0.0,100.5,165.6,7.5,1006.4,905.9,56,33.96,4877.81,204.67388
194.7,0.0,100.5,165.6,7.5,1006.4,905.9,100,37.34,4877.81,204.67388
190.7,0.0,125.4,162.1,7.8,1090.0,804.0,3,15.04,4927.855,202.46842999999998
190.7,0.0,125.4,162.1,7.8,1090.0,804.0,14,21.06,4927.855,202.46842999999998
190.7,0.0,125.4,162.1,7.8,1090.0,804.0,28,26.4,4927.855,202.46842999999998
190.7,0.0,125.4,162.1,7.8,1090.0,804.0,56,35.34,4927.855,202.46842999999998
190.7,0.0,125.4,162.1,7.8,1090.0,804.0,100,40.57,4927.855,202.46842999999998
212.1,0.0,121.6,180.3,5.7,1057.6,779.3,3,12.47,4787.485,217.30059
212.1,0.0,121.6,180.3,5.7,1057.6,779.3,14,20.92,4787.485,217.30059
212.1,0.0,121.6,180.3,5.7,1057.6,779.3,28,24.9,4787.485,217.30059
212.1,0.0,121.6,180.3,5.7,1057.6,779.3,56,34.2,4787.485,217.30059
212.1,0.0,121.6,180.3,5.7,1057.6,779.3,100,39.61,4787.485,217.30059
230.0,0.0,118.3,195.5,4.6,1029.4,758.6,3,10.03,4747.255,230.92895
230.0,0.0,118.3,195.5,4.6,1029.4,758.6,14,20.08,4747.255,230.92895
230.0,0.0,118.3,195.5,4.6,1029.4,758.6,28,24.48,4747.255,230.92895
230.0,0.0,118.3,195.5,4.6,1029.4,758.6,56,31.54,4747.255,230.92895
230.0,0.0,118.3,195.5,4.6,1029.4,758.6,100,35.34,4747.255,230.92895
190.3,0.0,125.2,161.9,9.9,1088.1,802.6,3,9.45,5172.365,206.02877000000004
190.3,0.0,125.2,161.9,9.9,1088.1,802.6,14,22.72,5172.365,206.02877000000004
190.3,0.0,125.2,161.9,9.9,1088.1,802.6,28,28.47,5172.365,206.02877000000004
190.3,0.0,125.2,161.9,9.9,1088.1,802.6,56,38.56,5172.365,206.02877000000004
190.3,0.0,125.2,161.9,9.9,1088.1,802.6,100,40.39,5172.365,206.02877000000004
166.1,0.0,163.3,176.5,4.5,1058.6,780.1,3,10.76,4337.695,174.78135
166.1,0.0,163.3,176.5,4.5,1058.6,780.1,14,25.48,4337.695,174.78135
166.1,0.0,163.3,176.5,4.5,1058.6,780.1,28,21.54,4337.695,174.78135
166.1,0.0,163.3,176.5,4.5,1058.6,780.1,56,28.63,4337.695,174.78135
166.1,0.0,163.3,176.5,4.5,1058.6,780.1,100,33.54,4337.695,174.78135
168.0,42.1,163.8,121.8,5.7,1058.7,780.1,3,7.75,4622.53,180.93444000000002
168.0,42.1,163.8,121.8,5.7,1058.7,780.1,14,17.82,4622.53,180.93444000000002
168.0,42.1,163.8,121.8,5.7,1058.7,780.1,28,24.24,4622.53,180.93444000000002
168.0,42.1,163.8,121.8,5.7,1058.7,780.1,56,32.85,4622.53,180.93444000000002
168.0,42.1,163.8,121.8,5.7,1058.7,780.1,100,39.23,4622.53,180.93444000000002
213.7,98.1,24.5,181.7,6.9,1065.8,785.4,3,18.0,5061.195,223.57260999999997
213.7,98.1,24.5,181.7,6.9,1065.8,785.4,14,30.39,5061.195,223.57260999999997
213.7,98.1,24.5,181.7,6.9,1065.8,785.4,28,45.71,5061.195,223.57260999999997
213.7,98.1,24.5,181.7,6.9,1065.8,785.4,56,50.77,5061.195,223.57260999999997
213.7,98.1,24.5,181.7,6.9,1065.8,785.4,100,53.9,5061.195,223.57260999999997
213.8,98.1,24.5,181.7,6.7,1066.0,785.5,3,13.18,5038.385,223.28871
213.8,98.1,24.5,181.7,6.7,1066.0,785.5,14,17.84,5038.385,223.28871
213.8,98.1,24.5,181.7,6.7,1066.0,785.5,28,40.23,5038.385,223.28871
213.8,98.1,24.5,181.7,6.7,1066.0,785.5,56,47.13,5038.385,223.28871
213.8,98.1,24.5,181.7,6.7,1066.0,785.5,100,49.97,5038.385,223.28871
229.7,0.0,118.2,195.2,6.1,1028.1,757.6,3,13.36,4921.93,233.46075999999996
229.7,0.0,118.2,195.2,6.1,1028.1,757.6,14,22.32,4921.93,233.46075999999996
229.7,0.0,118.2,195.2,6.1,1028.1,757.6,28,24.54,4921.93,233.46075999999996
229.7,0.0,118.2,195.2,6.1,1028.1,757.6,56,31.35,4921.93,233.46075999999996
229.7,0.0,118.2,195.2,6.1,1028.1,757.6,100,40.86,4921.93,233.46075999999996
238.1,0.0,94.1,186.7,7.0,949.9,847.0,3,19.93,5048.264999999999,241.88090999999997
238.1,0.0,94.1,186.7,7.0,949.9,847.0,14,25.69,5048.264999999999,241.88090999999997
238.1,0.0,94.1,186.7,7.0,949.9,847.0,28,30.23,5048.264999999999,241.88090999999997
238.1,0.0,94.1,186.7,7.0,949.9,847.0,56,39.59,5048.264999999999,241.88090999999997
238.1,0.0,94.1,186.7,7.0,949.9,847.0,100,44.3,5048.264999999999,241.88090999999997
250.0,0.0,95.7,187.4,5.5,956.9,861.2,3,13.82,4995.25,249.94132000000002
250.0,0.0,95.7,187.4,5.5,956.9,861.2,14,24.92,4995.25,249.94132000000002
250.0,0.0,95.7,187.4,5.5,956.9,861.2,28,29.22,4995.25,249.94132000000002
250.0,0.0,95.7,187.4,5.5,956.9,861.2,56,38.33,4995.25,249.94132000000002
250.0,0.0,95.7,187.4,5.5,956.9,861.2,100,42.35,4995.25,249.94132000000002
212.5,0.0,100.4,159.3,8.7,1007.8,903.6,3,13.54,5171.975,222.94499
212.5,0.0,100.4,159.3,8.7,1007.8,903.6,14,26.31,5171.975,222.94499
212.5,0.0,100.4,159.3,8.7,1007.8,903.6,28,31.64,5171.975,222.94499
212.5,0.0,100.4,159.3,8.7,1007.8,903.6,56,42.55,5171.975,222.94499
212.5,0.0,100.4,159.3,8.7,1007.8,903.6,100,42.92,5171.975,222.94499
212.6,0.0,100.4,159.4,10.4,1003.8,903.8,3,13.33,5372.2300000000005,226.20002
212.6,0.0,100.4,159.4,10.4,1003.8,903.8,14,25.37,5372.2300000000005,226.20002
212.6,0.0,100.4,159.4,10.4,1003.8,903.8,28,37.4,5372.2300000000005,226.20002
212.6,0.0,100.4,159.4,10.4,1003.8,903.8,56,44.4,5372.2300000000005,226.20002
212.6,0.0,100.4,159.4,10.4,1003.8,903.8,100,47.74,5372.2300000000005,226.20002
212.0,0.0,124.8,159.0,7.8,1085.4,799.5,3,19.52,5097.53,221.56199999999998
212.0,0.0,124.8,159.0,7.8,1085.4,799.5,14,31.35,5097.53,221.56199999999998
212.0,0.0,124.8,159.0,7.8,1085.4,799.5,28,38.5,5097.53,221.56199999999998
212.0,0.0,124.8,159.0,7.8,1085.4,799.5,56,45.08,5097.53,221.56199999999998
212.0,0.0,124.8,159.0,7.8,1085.4,799.5,100,47.82,5097.53,221.56199999999998
231.8,0.0,121.6,174.0,6.7,1056.4,778.5,3,15.44,5072.38,236.8951
231.8,0.0,121.6,174.0,6.7,1056.4,778.5,14,26.77,5072.38,236.8951
231.8,0.0,121.6,174.0,6.7,1056.4,778.5,28,33.73,5072.38,236.8951
231.8,0.0,121.6,174.0,6.7,1056.4,778.5,56,42.7,5072.38,236.8951
231.8,0.0,121.6,174.0,6.7,1056.4,778.5,100,45.84,5072.38,236.8951
251.4,0.0,118.3,188.5,5.8,1028.4,757.7,3,17.22,5070.705,252.43035
251.4,0.0,118.3,188.5,5.8,1028.4,757.7,14,29.93,5070.705,252.43035
251.4,0.0,118.3,188.5,5.8,1028.4,757.7,28,29.65,5070.705,252.43035
251.4,0.0,118.3,188.5,5.8,1028.4,757.7,56,36.97,5070.705,252.43035
251.4,0.0,118.3,188.5,5.8,1028.4,757.7,100,43.58,5070.705,252.43035
251.4,0.0,118.3,188.5,6.4,1028.4,757.7,3,13.12,5142.705,253.55835000000002
251.4,0.0,118.3,188.5,6.4,1028.4,757.7,14,24.43,5142.705,253.55835000000002
251.4,0.0,118.3,188.5,6.4,1028.4,757.7,28,32.66,5142.705,253.55835000000002
251.4,0.0,118.3,188.5,6.4,1028.4,757.7,56,36.64,5142.705,253.55835000000002
251.4,0.0,118.3,188.5,6.4,1028.4,757.7,100,44.21,5142.705,253.55835000000002
181.4,0.0,167.0,169.6,7.6,1055.6,777.8,3,13.62,4840.9,194.44168000000002
181.4,0.0,167.0,169.6,7.6,1055.6,777.8,14,21.6,4840.9,194.44168000000002
181.4,0.0,167.0,169.6,7.6,1055.6,777.8,28,27.77,4840.9,194.44168000000002
181.4,0.0,167.0,169.6,7.6,1055.6,777.8,56,35.57,4840.9,194.44168000000002
181.4,0.0,167.0,169.6,7.6,1055.6,777.8,100,45.37,4840.9,194.44168000000002
182.0,45.2,122.0,170.2,8.2,1059.4,780.7,3,7.32,4971.089999999999,197.29016000000004
182.0,45.2,122.0,170.2,8.2,1059.4,780.7,14,21.5,4971.089999999999,197.29016000000004
182.0,45.2,122.0,170.2,8.2,1059.4,780.7,28,31.27,4971.089999999999,197.29016000000004
182.0,45.2,122.0,170.2,8.2,1059.4,780.7,56,43.5,4971.089999999999,197.29016000000004
182.0,45.2,122.0,170.2,8.2,1059.4,780.7,100,48.67,4971.089999999999,197.29016000000004
168.9,42.2,124.3,158.3,10.8,1080.8,796.2,3,7.4,5207.924999999999,190.53939000000003
168.9,42.2,124.3,158.3,10.8,1080.8,796.2,14,23.51,5207.924999999999,190.53939000000003
168.9,42.2,124.3,158.3,10.8,1080.8,796.2,28,31.12,5207.924999999999,190.53939000000003
168.9,42.2,124.3,158.3,10.8,1080.8,796.2,56,39.15,5207.924999999999,190.53939000000003
168.9,42.2,124.3,158.3,10.8,1080.8,796.2,100,48.15,5207.924999999999,190.53939000000003
290.4,0.0,96.2,168.1,9.4,961.2,865.0,3,22.5,5815.645,293.69443
290.4,0.0,96.2,168.1,9.4,961.2,865.0,14,34.67,5815.645,293.69443
290.4,0.0,96.2,168.1,9.4,961.2,865.0,28,34.74,5815.645,293.69443
290.4,0.0,96.2,168.1,9.4,961.2,865.0,56,45.08,5815.645,293.69443
290.4,0.0,96.2,168.1,9.4,961.2,865.0,100,48.97,5815.645,293.69443
277.1,0.0,97.4,160.6,11.8,973.9,875.6,3,23.14,6018.460000000001,286.42118
277.1,0.0,97.4,160.6,11.8,973.9,875.6,14,41.89,6018.460000000001,286.42118
277.1,0.0,97.4,160.6,11.8,973.9,875.6,28,48.28,6018.460000000001,286.42118
277.1,0.0,97.4,160.6,11.8,973.9,875.6,56,51.04,6018.460000000001,286.42118
277.1,0.0,97.4,160.6,11.8,973.9,875.6,100,55.64,6018.460000000001,286.42118
295.7,0.0,95.6,171.5,8.9,955.1,859.2,3,22.95,5786.544999999999,297.43145
295.7,0.0,95.6,171.5,8.9,955.1,859.2,14,35.23,5786.544999999999,297.43145
295.7,0.0,95.6,171.5,8.9,955.1,859.2,28,39.94,5786.544999999999,297.43145
295.7,0.0,95.6,171.5,8.9,955.1,859.2,56,48.72,5786.544999999999,297.43145
295.7,0.0,95.6,171.5,8.9,955.1,859.2,100,52.04,5786.544999999999,297.43145
251.8,0.0,99.9,146.1,12.4,1006.0,899.8,3,21.02,5942.405000000001,265.22013000000004
251.8,0.0,99.9,146.1,12.4,1006.0,899.8,14,33.36,5942.405000000001,265.22013000000004
251.8,0.0,99.9,146.1,12.4,1006.0,899.8,28,33.94,5942.405000000001,265.22013000000004
251.8,0.0,99.9,146.1,12.4,1006.0,899.8,56,44.14,5942.405000000001,265.22013000000004
251.8,0.0,99.9,146.1,12.4,1006.0,899.8,100,45.37,5942.405000000001,265.22013000000004
249.1,0.0,98.8,158.1,12.8,987.8,889.0,3,15.36,5933.215,263.31642999999997
249.1,0.0,98.8,158.1,12.8,987.8,889.0,14,28.68,5933.215,263.31642999999997
249.1,0.0,98.8,158.1,12.8,987.8,889.0,28,30.85,5933.215,263.31642999999997
249.1,0.0,98.8,158.1,12.8,987.8,889.0,56,42.03,5933.215,263.31642999999997
249.1,0.0,98.8,158.1,12.8,987.8,889.0,100,51.06,5933.215,263.31642999999997
252.3,0.0,98.8,146.3,14.2,987.8,889.0,3,21.78,6127.825,268.82489
252.3,0.0,98.8,146.3,14.2,987.8,889.0,14,42.29,6127.825,268.82489
252.3,0.0,98.8,146.3,14.2,987.8,889.0,28,50.6,6127.825,268.82489
252.3,0.0,98.8,146.3,14.2,987.8,889.0,56,55.83,6127.825,268.82489
252.3,0.0,98.8,146.3,14.2,987.8,889.0,100,60.95,6127.825,268.82489
246.8,0.0,125.1,143.3,12.0,1086.8,800.9,3,23.52,5900.224999999999,260.79959
246.8,0.0,125.1,143.3,12.0,1086.8,800.9,14,42.22,5900.224999999999,260.79959
246.8,0.0,125.1,143.3,12.0,1086.8,800.9,28,52.5,5900.224999999999,260.79959
246.8,0.0,125.1,143.3,12.0,1086.8,800.9,56,60.32,5900.224999999999,260.79959
246.8,0.0,125.1,143.3,12.0,1086.8,800.9,100,66.42,5900.224999999999,260.79959
275.1,0.0,121.4,159.5,9.9,1053.6,777.5,3,23.8,5818.945000000001,281.84395000000006
275.1,0.0,121.4,159.5,9.9,1053.6,777.5,14,38.77,5818.945000000001,281.84395000000006
275.1,0.0,121.4,159.5,9.9,1053.6,777.5,28,51.33,5818.945000000001,281.84395000000006
275.1,0.0,121.4,159.5,9.9,1053.6,777.5,56,56.85,5818.945000000001,281.84395000000006
275.1,0.0,121.4,159.5,9.9,1053.6,777.5,100,58.61,5818.945000000001,281.84395000000006
297.2,0.0,117.5,174.8,9.5,1022.8,753.5,3,21.91,5890.799999999999,300.51484
297.2,0.0,117.5,174.8,9.5,1022.8,753.5,14,36.99,5890.799999999999,300.51484
297.2,0.0,117.5,174.8,9.5,1022.8,753.5,28,47.4,5890.799999999999,300.51484
297.2,0.0,117.5,174.8,9.5,1022.8,753.5,56,51.96,5890.799999999999,300.51484
297.2,0.0,117.5,174.8,9.5,1022.8,753.5,100,56.74,5890.799999999999,300.51484
213.7,0.0,174.7,154.8,10.2,1053.5,776.4,3,17.57,5438.19,228.57933999999997
213.7,0.0,174.7,154.8,10.2,1053.5,776.4,14,33.73,5438.19,228.57933999999997
213.7,0.0,174.7,154.8,10.2,1053.5,776.4,28,40.15,5438.19,228.57933999999997
213.7,0.0,174.7,154.8,10.2,1053.5,776.4,56,46.64,5438.19,228.57933999999997
213.7,0.0,174.7,154.8,10.2,1053.5,776.4,100,50.08,5438.19,228.57933999999997
213.5,0.0,174.2,154.6,11.7,1052.3,775.5,3,17.37,5613.14,231.19168
213.5,0.0,174.2,154.6,11.7,1052.3,775.5,14,33.7,5613.14,231.19168
213.5,0.0,174.2,154.6,11.7,1052.3,775.5,28,45.94,5613.14,231.19168
213.5,0.0,174.2,154.6,11.7,1052.3,775.5,56,51.43,5613.14,231.19168
213.5,0.0,174.2,154.6,11.7,1052.3,775.5,100,59.3,5613.14,231.19168
277.2,97.8,24.5,160.7,11.2,1061.7,782.5,3,30.45,6107.174999999999,288.73741
277.2,97.8,24.5,160.7,11.2,1061.7,782.5,14,47.71,6107.174999999999,288.73741
277.2,97.8,24.5,160.7,11.2,1061.7,782.5,28,63.14,6107.174999999999,288.73741
277.2,97.8,24.5,160.7,11.2,1061.7,782.5,56,66.82,6107.174999999999,288.73741
277.2,97.8,24.5,160.7,11.2,1061.7,782.5,100,66.95,6107.174999999999,288.73741
218.2,54.6,123.8,140.8,11.9,1075.7,792.7,3,27.42,5784.679999999999,237.54514000000003
218.2,54.6,123.8,140.8,11.9,1075.7,792.7,14,35.96,5784.679999999999,237.54514000000003
218.2,54.6,123.8,140.8,11.9,1075.7,792.7,28,55.51,5784.679999999999,237.54514000000003
218.2,54.6,123.8,140.8,11.9,1075.7,792.7,56,61.99,5784.679999999999,237.54514000000003
218.2,54.6,123.8,140.8,11.9,1075.7,792.7,100,63.53,5784.679999999999,237.54514000000003
214.9,53.8,121.9,155.6,9.6,1014.3,780.6,3,18.02,5389.390000000001,229.61097999999998
214.9,53.8,121.9,155.6,9.6,1014.3,780.6,14,38.6,5389.390000000001,229.61097999999998
214.9,53.8,121.9,155.6,9.6,1014.3,780.6,28,52.2,5389.390000000001,229.61097999999998
214.9,53.8,121.9,155.6,9.6,1014.3,780.6,56,53.96,5389.390000000001,229.61097999999998
214.9,53.8,121.9,155.6,9.6,1014.3,780.6,100,56.63,5389.390000000001,229.61097999999998
218.9,0.0,124.1,158.5,11.3,1078.7,794.9,3,15.34,5562.115,234.25635000000003
218.9,0.0,124.1,158.5,11.3,1078.7,794.9,14,26.05,5562.115,234.25635000000003
218.9,0.0,124.1,158.5,11.3,1078.7,794.9,28,30.22,5562.115,234.25635000000003
218.9,0.0,124.1,158.5,11.3,1078.7,794.9,56,37.27,5562.115,234.25635000000003
218.9,0.0,124.1,158.5,11.3,1078.7,794.9,100,46.23,5562.115,234.25635000000003
376.0,0.0,0.0,214.6,0.0,1003.5,762.4,3,16.28,5173.33,350.3043800000001
376.0,0.0,0.0,214.6,0.0,1003.5,762.4,14,25.62,5173.33,350.3043800000001
376.0,0.0,0.0,214.6,0.0,1003.5,762.4,28,31.97,5173.33,350.3043800000001
376.0,0.0,0.0,214.6,0.0,1003.5,762.4,56,36.3,5173.33,350.3043800000001
376.0,0.0,0.0,214.6,0.0,1003.5,762.4,100,43.06,5173.33,350.3043800000001
500.0,0.0,0.0,140.0,4.0,966.0,853.0,28,67.57,6749.2,469.55499999999995
475.0,0.0,59.0,142.0,1.9,1098.0,641.0,28,57.23,6349.200000000001,444.6966
315.0,137.0,0.0,145.0,5.9,1130.0,745.0,28,81.75,5904.75,314.52450000000005
505.0,0.0,60.0,195.0,0.0,1030.0,630.0,28,64.02,6288.25,467.5685
451.0,0.0,0.0,165.0,11.3,1030.0,745.0,28,78.8,7178.75,439.1585000000001
516.0,0.0,0.0,162.0,8.2,801.0,802.0,28,41.37,7141.3,490.28260000000006
520.0,0.0,0.0,170.0,5.2,855.0,855.0,28,60.28,6933.5,488.94199999999995
528.0,0.0,0.0,185.0,6.9,920.0,720.0,28,56.83,7149.25,499.1875
520.0,0.0,0.0,175.0,5.2,870.0,805.0,28,51.02,6901.75,488.8135
385.0,0.0,136.0,158.0,20.0,903.0,768.0,28,55.55,7804.0,398.88339999999994
500.1,0.0,0.0,200.0,3.0,1124.4,613.2,28,44.13,6583.33,467.8512
450.1,50.0,0.0,200.0,3.0,1124.4,613.2,28,39.38,6308.33,425.45120000000003
397.0,17.2,158.0,167.0,20.8,967.0,633.0,28,55.65,8039.849999999999,412.51550000000003
333.0,17.5,163.0,167.0,17.9,996.0,652.0,28,47.28,7212.55,349.9411
334.0,17.6,158.0,189.0,15.3,967.0,633.0,28,44.33,6846.65,345.50290000000007
405.0,0.0,0.0,175.0,0.0,1120.0,695.0,28,52.3,5490.25,376.9875
200.0,200.0,0.0,190.0,0.0,1145.0,660.0,28,49.25,4343.5,202.917
516.0,0.0,0.0,162.0,8.3,801.0,802.0,28,41.37,7153.3,490.47060000000005
145.0,116.0,119.0,184.0,5.7,833.0,880.0,28,29.16,4391.299999999999,161.58020000000002
160.0,128.0,122.0,182.0,6.4,824.0,879.0,28,39.4,4632.9,177.02360000000004
234.0,156.0,0.0,189.0,5.9,981.0,760.0,28,39.3,5111.65,241.50870000000003
250.0,180.0,95.0,159.0,9.5,860.0,800.0,28,67.87,5834.95,265.7127
475.0,0.0,0.0,162.0,9.5,1044.0,662.0,28,58.52,7100.400000000001,457.0706
285.0,190.0,0.0,163.0,7.6,1031.0,685.0,28,53.58,5834.85,292.3899
356.0,119.0,0.0,160.0,9.0,1061.0,657.0,28,59.0,6401.2,355.32900000000006
275.0,180.0,120.0,162.0,10.4,830.0,765.0,28,76.24,6134.6,290.16560000000004
500.0,0.0,0.0,151.0,9.0,1033.0,655.0,28,69.84,7232.15,478.5043
165.0,0.0,143.6,163.8,0.0,1005.6,900.9,3,14.4,3805.51,164.97564
165.0,128.5,132.1,175.1,8.1,1005.8,746.6,3,19.42,4986.515,185.80863
178.0,129.8,118.6,179.9,3.6,1007.3,746.8,3,20.73,4536.155,188.76617000000002
167.4,129.9,128.6,175.5,7.8,1006.3,746.6,3,14.94,4968.735000000001,187.38704999999996
172.4,13.6,172.4,156.8,4.1,1006.3,856.4,3,21.29,4414.799999999999,180.60944
173.5,50.1,173.5,164.8,6.5,1006.2,793.5,3,23.08,4761.23,187.72624000000002
167.0,75.4,167.0,164.0,7.9,1007.3,770.1,3,15.52,4914.76,185.53990000000005
173.8,93.4,159.9,172.3,9.7,1007.2,746.6,3,15.82,5205.155000000001,195.67239
190.3,0.0,125.2,166.6,9.9,1079.0,798.9,3,12.55,5157.98,205.93888
250.0,0.0,95.7,191.8,5.3,948.9,857.2,3,8.49,4957.87,249.48263999999998
213.5,0.0,174.2,159.2,11.7,1043.6,771.9,3,15.61,5599.33,231.10546000000002
194.7,0.0,100.5,170.2,7.5,998.0,901.8,3,12.18,4863.86,204.58756
251.4,0.0,118.3,192.9,5.8,1043.6,754.3,3,11.98,5085.765,252.53627000000003
165.0,0.0,143.6,163.8,0.0,1005.6,900.9,14,16.88,3805.51,164.97564
165.0,128.5,132.1,175.1,8.1,1005.8,746.6,14,33.09,4986.515,185.80863
178.0,129.8,118.6,179.9,3.6,1007.3,746.8,14,34.24,4536.155,188.76617000000002
167.4,129.9,128.6,175.5,7.8,1006.3,746.6,14,31.81,4968.735000000001,187.38704999999996
172.4,13.6,172.4,156.8,4.1,1006.3,856.4,14,29.75,4414.799999999999,180.60944
173.5,50.1,173.5,164.8,6.5,1006.2,793.5,14,33.01,4761.23,187.72624000000002
167.0,75.4,167.0,164.0,7.9,1007.3,770.1,14,32.9,4914.76,185.53990000000005
173.8,93.4,159.9,172.3,9.7,1007.2,746.6,14,29.55,5205.155000000001,195.67239
190.3,0.0,125.2,166.6,9.9,1079.0,798.9,14,19.42,5157.98,205.93888
250.0,0.0,95.7,191.8,5.3,948.9,857.2,14,24.66,4957.87,249.48263999999998
213.5,0.0,174.2,159.2,11.7,1043.6,771.9,14,29.59,5599.33,231.10546000000002
194.7,0.0,100.5,170.2,7.5,998.0,901.8,14,24.28,4863.86,204.58756
251.4,0.0,118.3,192.9,5.8,1043.6,754.3,14,20.73,5085.765,252.53627000000003
165.0,0.0,143.6,163.8,0.0,1005.6,900.9,28,26.2,3805.51,164.97564
165.0,128.5,132.1,175.1,8.1,1005.8,746.6,28,46.39,4986.515,185.80863
178.0,129.8,118.6,179.9,3.6,1007.3,746.8,28,39.16,4536.155,188.76617000000002
167.4,129.9,128.6,175.5,7.8,1006.3,746.6,28,41.2,4968.735000000001,187.38704999999996
172.4,13.6,172.4,156.8,4.1,1006.3,856.4,28,33.69,4414.799999999999,180.60944
173.5,50.1,173.5,164.8,6.5,1006.2,793.5,28,38.2,4761.23,187.72624000000002
167.0,75.4,167.0,164.0,7.9,1007.3,770.1,28,41.41,4914.76,185.53990000000005
173.8,93.4,159.9,172.3,9.7,1007.2,746.6,28,37.81,5205.155000000001,195.67239
190.3,0.0,125.2,166.6,9.9,1079.0,798.9,28,24.85,5157.98,205.93888
250.0,0.0,95.7,191.8,5.3,948.9,857.2,28,27.22,4957.87,249.48263999999998
213.5,0.0,174.2,159.2,11.7,1043.6,771.9,28,44.64,5599.33,231.10546000000002
194.7,0.0,100.5,170.2,7.5,998.0,901.8,28,37.27,4863.86,204.58756
251.4,0.0,118.3,192.9,5.8,1043.6,754.3,28,33.27,5085.765,252.53627000000003
165.0,0.0,143.6,163.8,0.0,1005.6,900.9,56,36.56,3805.51,164.97564
165.0,128.5,132.1,175.1,8.1,1005.8,746.6,56,53.72,4986.515,185.80863
178.0,129.8,118.6,179.9,3.6,1007.3,746.8,56,48.59,4536.155,188.76617000000002
167.4,129.9,128.6,175.5,7.8,1006.3,746.6,56,51.72,4968.735000000001,187.38704999999996
172.4,13.6,172.4,156.8,4.1,1006.3,856.4,56,35.85,4414.799999999999,180.60944
173.5,50.1,173.5,164.8,6.5,1006.2,793.5,56,53.77,4761.23,187.72624000000002
167.0,75.4,167.0,164.0,7.9,1007.3,770.1,56,53.46,4914.76,185.53990000000005
173.8,93.4,159.9,172.3,9.7,1007.2,746.6,56,48.99,5205.155000000001,195.67239
190.3,0.0,125.2,166.6,9.9,1079.0,798.9,56,31.72,5157.98,205.93888
250.0,0.0,95.7,191.8,5.3,948.9,857.2,56,39.64,4957.87,249.48263999999998
213.5,0.0,174.2,159.2,11.7,1043.6,771.9,56,51.26,5599.33,231.10546000000002
194.7,0.0,100.5,170.2,7.5,998.0,901.8,56,43.39,4863.86,204.58756
251.4,0.0,118.3,192.9,5.8,1043.6,754.3,56,39.27,5085.765,252.53627000000003
165.0,0.0,143.6,163.8,0.0,1005.6,900.9,100,37.96,3805.51,164.97564
165.0,128.5,132.1,175.1,8.1,1005.8,746.6,100,55.02,4986.515,185.80863
178.0,129.8,118.6,179.9,3.6,1007.3,746.8,100,49.99,4536.155,188.76617000000002
167.4,129.9,128.6,175.5,7.8,1006.3,746.6,100,53.66,4968.735000000001,187.38704999999996
172.4,13.6,172.4,156.8,4.1,1006.3,856.4,100,37.68,4414.799999999999,180.60944
173.5,50.1,173.5,164.8,6.5,1006.2,793.5,100,56.06,4761.23,187.72624000000002
167.0,75.4,167.0,164.0,7.9,1007.3,770.1,100,56.81,4914.76,185.53990000000005
173.8,93.4,159.9,172.3,9.7,1007.2,746.6,100,50.94,5205.155000000001,195.67239
190.3,0.0,125.2,166.6,9.9,1079.0,798.9,100,33.56,5157.98,205.93888
250.0,0.0,95.7,191.8,5.3,948.9,857.2,100,41.16,4957.87,249.48263999999998
213.5,0.0,174.2,159.2,11.7,1043.6,771.9,100,52.96,5599.33,231.10546000000002
194.7,0.0,100.5,170.2,7.5,998.0,901.8,100,44.28,4863.86,204.58756
251.4,0.0,118.3,192.9,5.8,1043.6,754.3,100,40.15,5085.765,252.53627000000003
446.0,24.0,79.0,162.0,11.6,967.0,712.0,28,57.03,7293.5,437.9336
446.0,24.0,79.0,162.0,11.6,967.0,712.0,28,44.42,7293.5,437.9336
446.0,24.0,79.0,162.0,11.6,967.0,712.0,28,51.02,7293.5,437.9336
446.0,24.0,79.0,162.0,10.3,967.0,712.0,28,53.39,7137.5,435.4896
446.0,24.0,79.0,162.0,11.6,967.0,712.0,3,35.36,7293.5,437.9336
446.0,24.0,79.0,162.0,11.6,967.0,712.0,3,25.02,7293.5,437.9336
446.0,24.0,79.0,162.0,11.6,967.0,712.0,3,23.35,7293.5,437.9336
446.0,24.0,79.0,162.0,11.6,967.0,712.0,7,52.01,7293.5,437.9336
446.0,24.0,79.0,162.0,11.6,967.0,712.0,7,38.02,7293.5,437.9336
446.0,24.0,79.0,162.0,11.6,967.0,712.0,7,39.3,7293.5,437.9336
446.0,24.0,79.0,162.0,11.6,967.0,712.0,56,61.07,7293.5,437.9336
446.0,24.0,79.0,162.0,11.6,967.0,712.0,56,56.14,7293.5,437.9336
446.0,24.0,79.0,162.0,11.6,967.0,712.0,56,55.25,7293.5,437.9336
446.0,24.0,79.0,162.0,10.3,967.0,712.0,56,54.77,7137.5,435.4896
387.0,20.0,94.0,157.0,14.3,938.0,845.0,28,50.24,7231.950000000001,390.5381000000001
387.0,20.0,94.0,157.0,13.9,938.0,845.0,28,46.68,7183.950000000001,389.7861000000001
387.0,20.0,94.0,157.0,11.6,938.0,845.0,28,46.68,6907.950000000001,385.4621000000001
387.0,20.0,94.0,157.0,14.3,938.0,845.0,3,22.75,7231.950000000001,390.5381000000001
387.0,20.0,94.0,157.0,13.9,938.0,845.0,3,25.51,7183.950000000001,389.7861000000001
387.0,20.0,94.0,157.0,11.6,938.0,845.0,3,34.77,6907.950000000001,385.4621000000001
387.0,20.0,94.0,157.0,14.3,938.0,845.0,7,36.84,7231.950000000001,390.5381000000001
387.0,20.0,94.0,157.0,13.9,938.0,845.0,7,45.9,7183.950000000001,389.7861000000001
387.0,20.0,94.0,157.0,11.6,938.0,845.0,7,41.67,6907.950000000001,385.4621000000001
387.0,20.0,94.0,157.0,14.3,938.0,845.0,56,56.34,7231.950000000001,390.5381000000001
387.0,20.0,94.0,157.0,13.9,938.0,845.0,56,47.97,7183.950000000001,389.7861000000001
387.0,20.0,94.0,157.0,11.6,938.0,845.0,56,61.46,6907.950000000001,385.4621000000001
355.0,19.0,97.0,145.0,13.1,967.0,871.0,28,44.03,6879.15,359.86949999999996
355.0,19.0,97.0,145.0,12.3,967.0,871.0,28,55.45,6783.15,358.3655
491.0,26.0,123.0,210.0,3.9,882.0,699.0,28,55.55,6733.4,464.519
491.0,26.0,123.0,201.0,3.9,822.0,699.0,28,57.92,6660.95,464.03630000000004
491.0,26.0,123.0,210.0,3.9,882.0,699.0,3,25.61,6733.4,464.519
491.0,26.0,123.0,210.0,3.9,882.0,699.0,7,33.49,6733.4,464.519
491.0,26.0,123.0,210.0,3.9,882.0,699.0,56,59.59,6733.4,464.519
491.0,26.0,123.0,201.0,3.9,822.0,699.0,3,29.55,6660.95,464.03630000000004
491.0,26.0,123.0,201.0,3.9,822.0,699.0,7,37.92,6660.95,464.03630000000004
491.0,26.0,123.0,201.0,3.9,822.0,699.0,56,61.86,6660.95,464.03630000000004
424.0,22.0,132.0,178.0,8.5,822.0,750.0,28,62.05,6699.299999999999,412.6674000000001
424.0,22.0,132.0,178.0,8.5,882.0,750.0,3,32.01,6771.299999999999,413.14740000000006
424.0,22.0,132.0,168.0,8.9,822.0,750.0,28,72.1,6746.799999999999,413.41640000000007
424.0,22.0,132.0,178.0,8.5,822.0,750.0,7,39.0,6699.299999999999,412.6674000000001
424.0,22.0,132.0,178.0,8.5,822.0,750.0,56,65.7,6699.299999999999,412.6674000000001
424.0,22.0,132.0,168.0,8.9,822.0,750.0,3,32.11,6746.799999999999,413.41640000000007
424.0,22.0,132.0,168.0,8.9,822.0,750.0,7,40.29,6746.799999999999,413.41640000000007
424.0,22.0,132.0,168.0,8.9,822.0,750.0,56,74.36,6746.799999999999,413.41640000000007
202.0,11.0,141.0,206.0,1.7,942.0,801.0,28,21.97,4177.7,200.9778
202.0,11.0,141.0,206.0,1.7,942.0,801.0,3,9.85,4177.7,200.9778
202.0,11.0,141.0,206.0,1.7,942.0,801.0,7,15.07,4177.7,200.9778
202.0,11.0,141.0,206.0,1.7,942.0,801.0,56,23.25,4177.7,200.9778
284.0,15.0,141.0,179.0,5.5,842.0,801.0,28,43.73,5221.349999999999,281.32169999999996
284.0,15.0,141.0,179.0,5.5,842.0,801.0,3,13.4,5221.349999999999,281.32169999999996
284.0,15.0,141.0,179.0,5.5,842.0,801.0,7,24.13,5221.349999999999,281.32169999999996
284.0,15.0,141.0,179.0,5.5,842.0,801.0,56,44.52,5221.349999999999,281.32169999999996
359.0,19.0,141.0,154.0,10.9,942.0,801.0,28,62.94,6637.599999999999,359.97420000000005
359.0,19.0,141.0,154.0,10.9,942.0,801.0,28,59.49,6637.599999999999,359.97420000000005
359.0,19.0,141.0,154.0,10.9,942.0,801.0,3,25.12,6637.599999999999,359.97420000000005
359.0,19.0,141.0,154.0,10.9,942.0,801.0,3,23.64,6637.599999999999,359.97420000000005
359.0,19.0,141.0,154.0,10.9,942.0,801.0,7,35.75,6637.599999999999,359.97420000000005
359.0,19.0,141.0,154.0,10.9,942.0,801.0,7,38.61,6637.599999999999,359.97420000000005
359.0,19.0,141.0,154.0,10.9,942.0,801.0,56,68.75,6637.599999999999,359.97420000000005
359.0,19.0,141.0,154.0,10.9,942.0,801.0,56,66.78,6637.599999999999,359.97420000000005
436.0,0.0,0.0,218.0,0.0,838.4,719.7,28,23.85,5442.679999999999,402.77110000000005
289.0,0.0,0.0,192.0,0.0,913.2,895.3,90,32.07,4457.24,271.9397
289.0,0.0,0.0,192.0,0.0,913.2,895.3,3,11.65,4457.24,271.9397
393.0,0.0,0.0,192.0,0.0,940.6,785.6,3,19.2,5264.42,365.2104
393.0,0.0,0.0,192.0,0.0,940.6,785.6,90,48.85,5264.42,365.2104
393.0,0.0,0.0,192.0,0.0,940.6,785.6,28,39.6,5264.42,365.2104
480.0,0.0,0.0,192.0,0.0,936.2,712.2,28,43.94,5925.24,443.10819999999995
480.0,0.0,0.0,192.0,0.0,936.2,712.2,7,34.57,5925.24,443.10819999999995
480.0,0.0,0.0,192.0,0.0,936.2,712.2,90,54.32,5925.24,443.10819999999995
480.0,0.0,0.0,192.0,0.0,936.2,712.2,3,24.4,5925.24,443.10819999999995
333.0,0.0,0.0,192.0,0.0,931.2,842.6,3,15.62,4800.14,311.42019999999997
255.0,0.0,0.0,192.0,0.0,889.8,945.0,90,21.86,4189.86,241.401
255.0,0.0,0.0,192.0,0.0,889.8,945.0,7,10.22,4189.86,241.401
289.0,0.0,0.0,192.0,0.0,913.2,895.3,7,14.6,4457.24,271.9397
255.0,0.0,0.0,192.0,0.0,889.8,945.0,28,18.75,4189.86,241.401
333.0,0.0,0.0,192.0,0.0,931.2,842.6,28,31.97,4800.14,311.42019999999997
333.0,0.0,0.0,192.0,0.0,931.2,842.6,7,23.4,4800.14,311.42019999999997
289.0,0.0,0.0,192.0,0.0,913.2,895.3,28,25.57,4457.24,271.9397
333.0,0.0,0.0,192.0,0.0,931.2,842.6,90,41.68,4800.14,311.42019999999997
393.0,0.0,0.0,192.0,0.0,940.6,785.6,7,27.74,5264.42,365.2104
255.0,0.0,0.0,192.0,0.0,889.8,945.0,3,8.2,4189.86,241.401
158.8,238.2,0.0,185.7,0.0,1040.6,734.3,7,9.62,4056.705,167.35841000000005
239.6,359.4,0.0,185.7,0.0,941.6,664.3,7,25.42,4918.304999999999,245.23880999999997
238.2,158.8,0.0,185.7,0.0,1040.6,734.3,7,15.69,4493.405,234.68961000000002
181.9,272.8,0.0,185.7,0.0,1012.4,714.3,28,27.94,4303.015,189.62201
193.5,290.2,0.0,185.7,0.0,998.2,704.3,28,32.63,4426.775,200.80321
255.5,170.3,0.0,185.7,0.0,1026.6,724.3,7,17.24,4648.155,250.69561000000002
272.8,181.9,0.0,185.7,0.0,1012.4,714.3,7,19.77,4802.965,266.70521
239.6,359.4,0.0,185.7,0.0,941.6,664.3,28,39.44,4918.304999999999,245.23880999999997
220.8,147.2,0.0,185.7,0.0,1055.0,744.3,28,25.75,4337.985,218.59161000000003
397.0,0.0,0.0,185.7,0.0,1040.6,734.3,28,33.08,5366.804999999999,369.35200999999995
382.5,0.0,0.0,185.7,0.0,1047.8,739.3,7,24.07,5257.195,356.38461
210.7,316.1,0.0,185.7,0.0,977.0,689.3,7,21.82,4610.235,217.38540999999998
158.8,238.2,0.0,185.7,0.0,1040.6,734.3,28,21.07,4056.705,167.35841000000005
295.8,0.0,0.0,185.7,0.0,1091.4,769.3,7,14.84,4602.5650000000005,278.85341
255.5,170.3,0.0,185.7,0.0,1026.6,724.3,28,32.05,4648.155,250.69561000000002
203.5,135.7,0.0,185.7,0.0,1076.2,759.3,7,11.96,4196.875,202.66821000000002
397.0,0.0,0.0,185.7,0.0,1040.6,734.3,7,25.45,5366.804999999999,369.35200999999995
381.4,0.0,0.0,185.7,0.0,1104.6,784.3,28,22.49,5361.004999999999,356.07400999999993
295.8,0.0,0.0,185.7,0.0,1091.4,769.3,28,25.22,4602.5650000000005,278.85341
228.0,342.1,0.0,185.7,0.0,955.8,674.3,28,39.7,4794.845,234.06281
220.8,147.2,0.0,185.7,0.0,1055.0,744.3,7,13.09,4337.985,218.59161000000003
316.1,210.7,0.0,185.7,0.0,977.0,689.3,28,38.7,5189.935,306.76460999999995
135.7,203.5,0.0,185.7,0.0,1076.2,759.3,7,7.51,3823.975,145.17381
238.1,0.0,0.0,185.7,0.0,1118.8,789.3,28,17.58,4164.995,227.24260999999998
339.2,0.0,0.0,185.7,0.0,1069.2,754.3,7,21.18,4929.825,317.66080999999997
135.7,203.5,0.0,185.7,0.0,1076.2,759.3,28,18.2,3823.975,145.17381
193.5,290.2,0.0,185.7,0.0,998.2,704.3,7,17.2,4426.775,200.80321
203.5,135.7,0.0,185.7,0.0,1076.2,759.3,28,22.63,4196.875,202.66821000000002
290.2,193.5,0.0,185.7,0.0,998.2,704.3,7,21.86,4958.625,282.80481
181.9,272.8,0.0,185.7,0.0,1012.4,714.3,7,12.37,4303.015,189.62201
170.3,155.5,0.0,185.7,0.0,1026.6,724.3,28,25.73,3879.555,173.24601
210.7,316.1,0.0,185.7,0.0,977.0,689.3,28,37.81,4610.235,217.38540999999998
228.0,342.1,0.0,185.7,0.0,955.8,674.3,7,21.92,4794.845,234.06281
290.2,193.5,0.0,185.7,0.0,998.2,704.3,28,33.04,4958.625,282.80481
381.4,0.0,0.0,185.7,0.0,1104.6,784.3,7,14.54,5361.004999999999,356.07400999999993
238.2,158.8,0.0,185.7,0.0,1040.6,734.3,28,26.91,4493.405,234.68961000000002
186.2,124.1,0.0,185.7,0.0,1083.4,764.3,7,8.0,4028.665,186.57761
339.2,0.0,0.0,185.7,0.0,1069.2,754.3,28,31.9,4929.825,317.66080999999997
238.1,0.0,0.0,185.7,0.0,1118.8,789.3,7,10.34,4164.995,227.24260999999998
252.5,0.0,0.0,185.7,0.0,1111.6,784.3,28,19.77,4273.755,240.12001
382.5,0.0,0.0,185.7,0.0,1047.8,739.3,28,37.44,5257.195,356.38461
252.5,0.0,0.0,185.7,0.0,1111.6,784.3,7,11.48,4273.755,240.12001
316.1,210.7,0.0,185.7,0.0,977.0,689.3,7,24.44,5189.935,306.76460999999995
186.2,124.1,0.0,185.7,0.0,1083.4,764.3,28,17.6,4028.665,186.57761
170.3,155.5,0.0,185.7,0.0,1026.6,724.3,7,10.73,3879.555,173.24601
272.8,181.9,0.0,185.7,0.0,1012.4,714.3,28,31.38,4802.965,266.70521
339.0,0.0,0.0,197.0,0.0,968.0,781.0,3,13.22,4833.95,316.80809999999997
339.0,0.0,0.0,197.0,0.0,968.0,781.0,7,20.97,4833.95,316.80809999999997
339.0,0.0,0.0,197.0,0.0,968.0,781.0,14,27.04,4833.95,316.80809999999997
339.0,0.0,0.0,197.0,0.0,968.0,781.0,28,32.04,4833.95,316.80809999999997
339.0,0.0,0.0,197.0,0.0,968.0,781.0,90,35.17,4833.95,316.80809999999997
339.0,0.0,0.0,197.0,0.0,968.0,781.0,180,36.45,4833.95,316.80809999999997
339.0,0.0,0.0,197.0,0.0,968.0,781.0,365,38.89,4833.95,316.80809999999997
236.0,0.0,0.0,194.0,0.0,968.0,885.0,3,6.47,4062.3,224.62720000000002
236.0,0.0,0.0,194.0,0.0,968.0,885.0,14,12.84,4062.3,224.62720000000002
236.0,0.0,0.0,194.0,0.0,968.0,885.0,28,18.42,4062.3,224.62720000000002
236.0,0.0,0.0,194.0,0.0,968.0,885.0,90,21.95,4062.3,224.62720000000002
236.0,0.0,0.0,193.0,0.0,968.0,885.0,180,24.1,4062.25,224.6269
236.0,0.0,0.0,193.0,0.0,968.0,885.0,365,25.08,4062.25,224.6269
277.0,0.0,0.0,191.0,0.0,968.0,856.0,14,21.26,4381.65,261.3813
277.0,0.0,0.0,191.0,0.0,968.0,856.0,28,25.97,4381.65,261.3813
277.0,0.0,0.0,191.0,0.0,968.0,856.0,3,11.36,4381.65,261.3813
277.0,0.0,0.0,191.0,0.0,968.0,856.0,90,31.25,4381.65,261.3813
277.0,0.0,0.0,191.0,0.0,968.0,856.0,180,32.33,4381.65,261.3813
277.0,0.0,0.0,191.0,0.0,968.0,856.0,360,33.7,4381.65,261.3813
254.0,0.0,0.0,198.0,0.0,968.0,863.0,3,9.31,4193.5,240.7184
254.0,0.0,0.0,198.0,0.0,968.0,863.0,90,26.94,4193.5,240.7184
254.0,0.0,0.0,198.0,0.0,968.0,863.0,180,27.63,4193.5,240.7184
254.0,0.0,0.0,198.0,0.0,968.0,863.0,365,29.79,4193.5,240.7184
307.0,0.0,0.0,193.0,0.0,968.0,812.0,180,34.49,4592.75,288.1619
307.0,0.0,0.0,193.0,0.0,968.0,812.0,365,36.15,4592.75,288.1619
307.0,0.0,0.0,193.0,0.0,968.0,812.0,3,12.54,4592.75,288.1619
307.0,0.0,0.0,193.0,0.0,968.0,812.0,28,27.53,4592.75,288.1619
307.0,0.0,0.0,193.0,0.0,968.0,812.0,90,32.92,4592.75,288.1619
236.0,0.0,0.0,193.0,0.0,968.0,885.0,7,9.99,4062.25,224.6269
200.0,0.0,0.0,180.0,0.0,1125.0,845.0,7,7.84,3904.0,193.279
200.0,0.0,0.0,180.0,0.0,1125.0,845.0,28,12.25,3904.0,193.279
225.0,0.0,0.0,181.0,0.0,1113.0,833.0,7,11.17,4090.15,215.6233
225.0,0.0,0.0,181.0,0.0,1113.0,833.0,28,17.34,4090.15,215.6233
325.0,0.0,0.0,184.0,0.0,1063.0,783.0,7,17.54,4830.299999999999,304.97420000000005
325.0,0.0,0.0,184.0,0.0,1063.0,783.0,28,30.57,4830.299999999999,304.97420000000005
275.0,0.0,0.0,183.0,0.0,1088.0,808.0,7,14.2,4460.25,260.2989
275.0,0.0,0.0,183.0,0.0,1088.0,808.0,28,24.5,4460.25,260.2989
300.0,0.0,0.0,184.0,0.0,1075.0,795.0,7,15.58,4644.2,282.63020000000006
300.0,0.0,0.0,184.0,0.0,1075.0,795.0,28,26.85,4644.2,282.63020000000006
375.0,0.0,0.0,186.0,0.0,1038.0,758.0,7,26.06,5200.4,349.64979999999997
375.0,0.0,0.0,186.0,0.0,1038.0,758.0,28,38.21,5200.4,349.64979999999997
400.0,0.0,0.0,187.0,0.0,1025.0,745.0,28,43.7,5384.35,371.9811
400.0,0.0,0.0,187.0,0.0,1025.0,745.0,7,30.14,5384.35,371.9811
250.0,0.0,0.0,182.0,0.0,1100.0,820.0,7,12.73,4274.1,237.9546
250.0,0.0,0.0,182.0,0.0,1100.0,820.0,28,20.87,4274.1,237.9546
350.0,0.0,0.0,186.0,0.0,1050.0,770.0,7,20.28,5014.3,327.3058
350.0,0.0,0.0,186.0,0.0,1050.0,770.0,28,34.29,5014.3,327.3058
203.5,305.3,0.0,203.5,0.0,963.4,630.0,7,19.54,4441.905000000001,209.94385
250.2,166.8,0.0,203.5,0.0,977.6,694.1,90,47.71,4504.495,245.20594999999997
157.0,236.0,0.0,192.0,0.0,935.4,781.2,90,43.38,3955.78,165.01880000000003
141.3,212.0,0.0,203.5,0.0,971.8,748.5,28,29.89,3761.885,149.77195
166.8,250.2,0.0,203.5,0.0,975.6,692.6,3,6.9,4041.895,174.45925
122.6,183.9,0.0,203.5,0.0,958.2,800.1,90,33.19,3553.9149999999995,131.62994999999998
183.9,122.6,0.0,203.5,0.0,959.2,800.0,3,4.9,3892.165,183.61985
102.0,153.0,0.0,192.0,0.0,887.0,942.0,3,4.57,3342.0,111.61959999999999
102.0,153.0,0.0,192.0,0.0,887.0,942.0,90,25.46,3342.0,111.61959999999999
122.6,183.9,0.0,203.5,0.0,958.2,800.1,28,24.29,3553.9149999999995,131.62994999999998
166.8,250.2,0.0,203.5,0.0,975.6,692.6,28,33.95,4041.895,174.45925
200.0,133.0,0.0,192.0,0.0,965.4,806.2,3,11.41,4073.28,198.7278
108.3,162.4,0.0,203.5,0.0,938.2,849.0,28,20.59,3392.765,117.72645
305.3,203.5,0.0,203.5,0.0,965.4,631.0,7,25.89,5005.205,296.29125000000005
108.3,162.4,0.0,203.5,0.0,938.2,849.0,90,29.23,3392.765,117.72645
116.0,173.0,0.0,192.0,0.0,909.8,891.9,90,31.02,3498.26,125.1915
141.3,212.0,0.0,203.5,0.0,971.8,748.5,7,10.39,3761.885,149.77195
157.0,236.0,0.0,192.0,0.0,935.4,781.2,28,33.66,3955.78,165.01880000000003
133.0,200.0,0.0,192.0,0.0,927.4,839.2,28,27.87,3692.18,141.7728
250.2,166.8,0.0,203.5,0.0,977.6,694.1,7,19.35,4504.495,245.20594999999997
173.0,116.0,0.0,192.0,0.0,946.8,856.8,7,11.39,3821.06,173.64800000000002
192.0,288.0,0.0,192.0,0.0,929.8,716.1,3,12.79,4337.46,198.85250000000002
192.0,288.0,0.0,192.0,0.0,929.8,716.1,28,39.32,4337.46,198.85250000000002
153.0,102.0,0.0,192.0,0.0,888.0,943.1,3,4.78,3624.8,154.88110000000003
288.0,192.0,0.0,192.0,0.0,932.0,717.8,3,16.11,4869.8,280.28659999999996
305.3,203.5,0.0,203.5,0.0,965.4,631.0,28,43.38,5005.205,296.29125000000005
236.0,157.0,0.0,192.0,0.0,972.6,749.1,7,20.42,4402.82,232.1479
173.0,116.0,0.0,192.0,0.0,946.8,856.8,3,6.94,3821.06,173.64800000000002
212.0,141.3,0.0,203.5,0.0,973.4,750.0,7,15.03,4154.155000000001,209.74585000000002
236.0,157.0,0.0,192.0,0.0,972.6,749.1,3,13.57,4402.82,232.1479
183.9,122.6,0.0,203.5,0.0,959.2,800.0,90,32.53,3892.165,183.61985
166.8,250.2,0.0,203.5,0.0,975.6,692.6,7,15.75,4041.895,174.45925
102.0,153.0,0.0,192.0,0.0,887.0,942.0,7,7.68,3342.0,111.61959999999999
288.0,192.0,0.0,192.0,0.0,932.0,717.8,28,38.8,4869.8,280.28659999999996
212.0,141.3,0.0,203.5,0.0,973.4,750.0,28,33.0,4154.155000000001,209.74585000000002
102.0,153.0,0.0,192.0,0.0,887.0,942.0,28,17.28,3342.0,111.61959999999999
173.0,116.0,0.0,192.0,0.0,946.8,856.8,28,24.28,3821.06,173.64800000000002
183.9,122.6,0.0,203.5,0.0,959.2,800.0,28,24.05,3892.165,183.61985
133.0,200.0,0.0,192.0,0.0,927.4,839.2,90,36.59,3692.18,141.7728
192.0,288.0,0.0,192.0,0.0,929.8,716.1,90,50.73,4337.46,198.85250000000002
133.0,200.0,0.0,192.0,0.0,927.4,839.2,7,13.66,3692.18,141.7728
305.3,203.5,0.0,203.5,0.0,965.4,631.0,3,14.14,5005.205,296.29125000000005
236.0,157.0,0.0,192.0,0.0,972.6,749.1,90,47.78,4402.82,232.1479
108.3,162.4,0.0,203.5,0.0,938.2,849.0,3,2.33,3392.765,117.72645
157.0,236.0,0.0,192.0,0.0,935.4,781.2,7,16.89,3955.78,165.01880000000003
288.0,192.0,0.0,192.0,0.0,932.0,717.8,7,23.52,4869.8,280.28659999999996
212.0,141.3,0.0,203.5,0.0,973.4,750.0,3,6.81,4154.155000000001,209.74585000000002
212.0,141.3,0.0,203.5,0.0,973.4,750.0,90,39.7,4154.155000000001,209.74585000000002
153.0,102.0,0.0,192.0,0.0,888.0,943.1,28,17.96,3624.8,154.88110000000003
236.0,157.0,0.0,192.0,0.0,972.6,749.1,28,32.88,4402.82,232.1479
116.0,173.0,0.0,192.0,0.0,909.8,891.9,28,22.35,3498.26,125.1915
183.9,122.6,0.0,203.5,0.0,959.2,800.0,7,10.79,3892.165,183.61985
108.3,162.4,0.0,203.5,0.0,938.2,849.0,7,7.72,3392.765,117.72645
203.5,305.3,0.0,203.5,0.0,963.4,630.0,28,41.68,4441.905000000001,209.94385
203.5,305.3,0.0,203.5,0.0,963.4,630.0,3,9.56,4441.905000000001,209.94385
133.0,200.0,0.0,192.0,0.0,927.4,839.2,3,6.88,3692.18,141.7728
288.0,192.0,0.0,192.0,0.0,932.0,717.8,90,50.53,4869.8,280.28659999999996
200.0,133.0,0.0,192.0,0.0,965.4,806.2,7,17.17,4073.28,198.7278
200.0,133.0,0.0,192.0,0.0,965.4,806.2,28,30.44,4073.28,198.7278
250.2,166.8,0.0,203.5,0.0,977.6,694.1,3,9.73,4504.495,245.20594999999997
122.6,183.9,0.0,203.5,0.0,958.2,800.1,3,3.32,3553.9149999999995,131.62994999999998
153.0,102.0,0.0,192.0,0.0,888.0,943.1,90,26.32,3624.8,154.88110000000003
200.0,133.0,0.0,192.0,0.0,965.4,806.2,90,43.25,4073.28,198.7278
116.0,173.0,0.0,192.0,0.0,909.8,891.9,3,6.28,3498.26,125.1915
173.0,116.0,0.0,192.0,0.0,946.8,856.8,90,32.1,3821.06,173.64800000000002
250.2,166.8,0.0,203.5,0.0,977.6,694.1,28,36.96,4504.495,245.20594999999997
305.3,203.5,0.0,203.5,0.0,965.4,631.0,90,54.6,5005.205,296.29125000000005
192.0,288.0,0.0,192.0,0.0,929.8,716.1,7,21.48,4337.46,198.85250000000002
157.0,236.0,0.0,192.0,0.0,935.4,781.2,3,9.69,3955.78,165.01880000000003
153.0,102.0,0.0,192.0,0.0,888.0,943.1,7,8.37,3624.8,154.88110000000003
141.3,212.0,0.0,203.5,0.0,971.8,748.5,90,39.66,3761.885,149.77195
116.0,173.0,0.0,192.0,0.0,909.8,891.9,7,10.09,3498.26,125.1915
141.3,212.0,0.0,203.5,0.0,971.8,748.5,3,4.83,3761.885,149.77195
122.6,183.9,0.0,203.5,0.0,958.2,800.1,7,10.35,3553.9149999999995,131.62994999999998
166.8,250.2,0.0,203.5,0.0,975.6,692.6,90,43.57,4041.895,174.45925
203.5,305.3,0.0,203.5,0.0,963.4,630.0,90,51.86,4441.905000000001,209.94385
310.0,0.0,0.0,192.0,0.0,1012.0,830.0,3,11.85,4689.0,291.30359999999996
310.0,0.0,0.0,192.0,0.0,1012.0,830.0,7,17.24,4689.0,291.30359999999996
310.0,0.0,0.0,192.0,0.0,1012.0,830.0,28,27.83,4689.0,291.30359999999996
310.0,0.0,0.0,192.0,0.0,1012.0,830.0,90,35.76,4689.0,291.30359999999996
310.0,0.0,0.0,192.0,0.0,1012.0,830.0,120,38.7,4689.0,291.30359999999996
331.0,0.0,0.0,192.0,0.0,1025.0,821.0,3,14.31,4874.1,310.2626
331.0,0.0,0.0,192.0,0.0,1025.0,821.0,7,17.44,4874.1,310.2626
331.0,0.0,0.0,192.0,0.0,1025.0,821.0,28,31.74,4874.1,310.2626
331.0,0.0,0.0,192.0,0.0,1025.0,821.0,90,37.91,4874.1,310.2626
331.0,0.0,0.0,192.0,0.0,1025.0,821.0,120,39.38,4874.1,310.2626
349.0,0.0,0.0,192.0,0.0,1056.0,809.0,3,15.87,5052.3,326.6506
349.0,0.0,0.0,192.0,0.0,1056.0,809.0,7,9.01,5052.3,326.6506
349.0,0.0,0.0,192.0,0.0,1056.0,809.0,28,33.61,5052.3,326.6506
349.0,0.0,0.0,192.0,0.0,1056.0,809.0,90,40.66,5052.3,326.6506
349.0,0.0,0.0,192.0,0.0,1056.0,809.0,120,40.86,5052.3,326.6506
238.0,0.0,0.0,186.0,0.0,1119.0,789.0,7,12.05,4164.1,227.1528
238.0,0.0,0.0,186.0,0.0,1119.0,789.0,28,17.54,4164.1,227.1528
296.0,0.0,0.0,186.0,0.0,1090.0,769.0,7,18.91,4602.3,279.02080000000007
296.0,0.0,0.0,186.0,0.0,1090.0,769.0,28,25.18,4602.3,279.02080000000007
297.0,0.0,0.0,186.0,0.0,1040.0,734.0,7,30.96,4515.8,279.3458
480.0,0.0,0.0,192.0,0.0,936.0,721.0,28,43.89,5933.8,443.1506
480.0,0.0,0.0,192.0,0.0,936.0,721.0,90,54.28,5933.8,443.1506
397.0,0.0,0.0,186.0,0.0,1040.0,734.0,28,36.94,5365.8,369.3458
281.0,0.0,0.0,186.0,0.0,1104.0,774.0,7,14.5,4496.6,265.6578
281.0,0.0,0.0,185.0,0.0,1104.0,774.0,28,22.44,4496.55,265.6575
500.0,0.0,0.0,200.0,0.0,1125.0,613.0,1,12.64,6223.0,462.125
500.0,0.0,0.0,200.0,0.0,1125.0,613.0,3,26.06,6223.0,462.125
500.0,0.0,0.0,200.0,0.0,1125.0,613.0,7,33.21,6223.0,462.125
500.0,0.0,0.0,200.0,0.0,1125.0,613.0,14,36.94,6223.0,462.125
500.0,0.0,0.0,200.0,0.0,1125.0,613.0,28,44.09,6223.0,462.125
540.0,0.0,0.0,173.0,0.0,1125.0,613.0,7,52.61,6561.65,498.1169
540.0,0.0,0.0,173.0,0.0,1125.0,613.0,14,59.76,6561.65,498.1169
540.0,0.0,0.0,173.0,0.0,1125.0,613.0,28,67.31,6561.65,498.1169
540.0,0.0,0.0,173.0,0.0,1125.0,613.0,90,69.66,6561.65,498.1169
540.0,0.0,0.0,173.0,0.0,1125.0,613.0,180,71.62,6561.65,498.1169
540.0,0.0,0.0,173.0,0.0,1125.0,613.0,270,74.17,6561.65,498.1169
350.0,0.0,0.0,203.0,0.0,974.0,775.0,7,18.13,4928.95,326.7279
350.0,0.0,0.0,203.0,0.0,974.0,775.0,14,22.53,4928.95,326.7279
350.0,0.0,0.0,203.0,0.0,974.0,775.0,28,27.34,4928.95,326.7279
350.0,0.0,0.0,203.0,0.0,974.0,775.0,56,29.98,4928.95,326.7279
350.0,0.0,0.0,203.0,0.0,974.0,775.0,90,31.35,4928.95,326.7279
350.0,0.0,0.0,203.0,0.0,974.0,775.0,180,32.72,4928.95,326.7279
385.0,0.0,0.0,186.0,0.0,966.0,763.0,1,6.27,5204.0,358.0988
385.0,0.0,0.0,186.0,0.0,966.0,763.0,3,14.7,5204.0,358.0988
385.0,0.0,0.0,186.0,0.0,966.0,763.0,7,23.22,5204.0,358.0988
385.0,0.0,0.0,186.0,0.0,966.0,763.0,14,27.92,5204.0,358.0988
385.0,0.0,0.0,186.0,0.0,966.0,763.0,28,31.35,5204.0,358.0988
331.0,0.0,0.0,192.0,0.0,978.0,825.0,180,39.0,4821.7,309.9066
331.0,0.0,0.0,192.0,0.0,978.0,825.0,360,41.24,4821.7,309.9066
349.0,0.0,0.0,192.0,0.0,1047.0,806.0,3,14.99,5038.5,326.56359999999995
331.0,0.0,0.0,192.0,0.0,978.0,825.0,3,13.52,4821.7,309.9066
382.0,0.0,0.0,186.0,0.0,1047.0,739.0,7,24.0,5251.7,355.92679999999996
382.0,0.0,0.0,186.0,0.0,1047.0,739.0,28,37.42,5251.7,355.92679999999996
382.0,0.0,0.0,186.0,0.0,1111.0,784.0,7,11.47,5373.5,356.6638
281.0,0.0,0.0,186.0,0.0,1104.0,774.0,28,22.44,4496.6,265.6578
339.0,0.0,0.0,185.0,0.0,1069.0,754.0,7,21.16,4927.55,317.4775
339.0,0.0,0.0,185.0,0.0,1069.0,754.0,28,31.84,4927.55,317.4775
295.0,0.0,0.0,185.0,0.0,1069.0,769.0,7,14.8,4568.55,277.95250000000004
295.0,0.0,0.0,185.0,0.0,1069.0,769.0,28,25.18,4568.55,277.95250000000004
238.0,0.0,0.0,185.0,0.0,1118.0,789.0,28,17.54,4162.85,227.1445
296.0,0.0,0.0,192.0,0.0,1085.0,765.0,7,14.2,4592.6,278.9626
296.0,0.0,0.0,192.0,0.0,1085.0,765.0,28,21.65,4592.6,278.9626
296.0,0.0,0.0,192.0,0.0,1085.0,765.0,90,29.39,4592.6,278.9626
331.0,0.0,0.0,192.0,0.0,879.0,825.0,3,13.52,4702.9,309.1146
331.0,0.0,0.0,192.0,0.0,978.0,825.0,7,16.26,4821.7,309.9066
331.0,0.0,0.0,192.0,0.0,978.0,825.0,28,31.45,4821.7,309.9066
331.0,0.0,0.0,192.0,0.0,978.0,825.0,90,37.23,4821.7,309.9066
349.0,0.0,0.0,192.0,0.0,1047.0,806.0,7,18.13,5038.5,326.56359999999995
349.0,0.0,0.0,192.0,0.0,1047.0,806.0,28,32.72,5038.5,326.56359999999995
349.0,0.0,0.0,192.0,0.0,1047.0,806.0,90,39.49,5038.5,326.56359999999995
349.0,0.0,0.0,192.0,0.0,1047.0,806.0,180,41.05,5038.5,326.56359999999995
349.0,0.0,0.0,192.0,0.0,1047.0,806.0,360,42.13,5038.5,326.56359999999995
302.0,0.0,0.0,203.0,0.0,974.0,817.0,14,18.13,4562.95,283.73789999999997
302.0,0.0,0.0,203.0,0.0,974.0,817.0,180,26.74,4562.95,283.73789999999997
525.0,0.0,0.0,189.0,0.0,1125.0,613.0,180,61.92,6434.95,484.6217
500.0,0.0,0.0,200.0,0.0,1125.0,613.0,90,47.22,6223.0,462.125
500.0,0.0,0.0,200.0,0.0,1125.0,613.0,180,51.04,6223.0,462.125
500.0,0.0,0.0,200.0,0.0,1125.0,613.0,270,55.16,6223.0,462.125
540.0,0.0,0.0,173.0,0.0,1125.0,613.0,3,41.64,6561.65,498.1169
252.0,0.0,0.0,185.0,0.0,1111.0,784.0,7,13.71,4268.45,239.6635
252.0,0.0,0.0,185.0,0.0,1111.0,784.0,28,19.69,4268.45,239.6635
339.0,0.0,0.0,185.0,0.0,1060.0,754.0,28,31.65,4916.75,317.4055
393.0,0.0,0.0,192.0,0.0,940.0,758.0,3,19.11,5236.1,365.06759999999997
393.0,0.0,0.0,192.0,0.0,940.0,758.0,28,39.58,5236.1,365.06759999999997
393.0,0.0,0.0,192.0,0.0,940.0,758.0,90,48.79,5236.1,365.06759999999997
382.0,0.0,0.0,185.0,0.0,1047.0,739.0,7,24.0,5251.65,355.9265
382.0,0.0,0.0,185.0,0.0,1047.0,739.0,28,37.42,5251.65,355.9265
252.0,0.0,0.0,186.0,0.0,1111.0,784.0,7,11.47,4268.5,239.6638
310.0,0.0,0.0,192.0,0.0,970.0,850.0,7,14.99,4658.6,291.06759999999997
310.0,0.0,0.0,192.0,0.0,970.0,850.0,28,27.92,4658.6,291.06759999999997
310.0,0.0,0.0,192.0,0.0,970.0,850.0,90,34.68,4658.6,291.06759999999997
310.0,0.0,0.0,192.0,0.0,970.0,850.0,180,37.33,4658.6,291.06759999999997
310.0,0.0,0.0,192.0,0.0,970.0,850.0,360,38.11,4658.6,291.06759999999997
525.0,0.0,0.0,189.0,0.0,1125.0,613.0,3,33.8,6434.95,484.6217
525.0,0.0,0.0,189.0,0.0,1125.0,613.0,7,42.42,6434.95,484.6217
525.0,0.0,0.0,189.0,0.0,1125.0,613.0,14,48.4,6434.95,484.6217
525.0,0.0,0.0,189.0,0.0,1125.0,613.0,28,55.94,6434.95,484.6217
525.0,0.0,0.0,189.0,0.0,1125.0,613.0,90,58.78,6434.95,484.6217
525.0,0.0,0.0,189.0,0.0,1125.0,613.0,270,67.11,6434.95,484.6217
322.0,0.0,0.0,203.0,0.0,974.0,800.0,14,20.77,4715.95,301.6529
322.0,0.0,0.0,203.0,0.0,974.0,800.0,28,25.18,4715.95,301.6529
322.0,0.0,0.0,203.0,0.0,974.0,800.0,180,29.59,4715.95,301.6529
302.0,0.0,0.0,203.0,0.0,974.0,817.0,28,21.75,4562.95,283.73789999999997
397.0,0.0,0.0,185.0,0.0,1040.0,734.0,28,39.09,5365.75,369.3455
480.0,0.0,0.0,192.0,0.0,936.0,721.0,3,24.39,5933.8,443.1506
522.0,0.0,0.0,146.0,0.0,896.0,896.0,7,50.51,6415.5,481.4918
522.0,0.0,0.0,146.0,0.0,896.0,896.0,28,74.99,6415.5,481.4918
273.0,105.0,82.0,210.0,9.0,904.0,680.0,28,37.17,5654.8,280.98900000000003
162.0,190.0,148.0,179.0,19.0,838.0,741.0,28,33.76,6278.549999999999,205.85870000000003
154.0,144.0,112.0,220.0,10.0,923.0,658.0,28,16.5,4941.6,178.65200000000002
147.0,115.0,89.0,202.0,9.0,860.0,829.0,28,19.99,4723.6,168.68859999999998
152.0,178.0,139.0,168.0,18.0,944.0,695.0,28,36.35,6100.2,194.7264
310.0,143.0,111.0,168.0,22.0,914.0,651.0,28,33.69,7682.2,341.41040000000004
144.0,0.0,175.0,158.0,18.0,943.0,844.0,28,15.42,5717.5,179.9764
304.0,140.0,0.0,214.0,6.0,895.0,722.0,28,33.42,5530.7,302.99420000000003
374.0,0.0,0.0,190.0,7.0,1013.0,730.0,28,39.05,5974.1,361.571
159.0,149.0,116.0,175.0,15.0,953.0,720.0,28,27.68,5702.85,193.45649999999998
153.0,239.0,0.0,200.0,6.0,1002.0,684.0,28,26.86,4633.9,172.904
310.0,143.0,0.0,168.0,10.0,914.0,804.0,28,45.3,6173.2,316.6184
305.0,0.0,100.0,196.0,10.0,959.0,705.0,28,30.12,5858.1,307.2558
151.0,0.0,184.0,167.0,12.0,991.0,772.0,28,15.57,5061.05,175.2661
142.0,167.0,130.0,174.0,11.0,883.0,785.0,28,44.61,5141.299999999999,171.7152
298.0,137.0,107.0,201.0,6.0,878.0,655.0,28,53.52,5596.65,299.85229999999996
321.0,164.0,0.0,190.0,5.0,870.0,774.0,28,57.21,5648.0,317.71500000000003
366.0,187.0,0.0,191.0,7.0,824.0,757.0,28,65.91,6267.35,362.71830000000006
280.0,129.0,100.0,172.0,9.0,825.0,805.0,28,52.82,5850.6,289.00460000000004
252.0,97.0,76.0,194.0,8.0,835.0,821.0,28,33.4,5377.7,259.7792
165.0,0.0,150.0,182.0,12.0,1023.0,729.0,28,18.03,5108.2,186.99360000000001
156.0,243.0,0.0,180.0,11.0,1022.0,698.0,28,37.36,5308.4,185.436
160.0,188.0,146.0,203.0,11.0,829.0,710.0,28,32.84,5250.95,188.64090000000004
298.0,0.0,107.0,186.0,6.0,879.0,815.0,28,42.64,5346.1,293.5317999999999
318.0,0.0,126.0,210.0,6.0,861.0,737.0,28,40.06,5455.7,311.5179999999999
287.0,121.0,94.0,188.0,9.0,904.0,696.0,28,41.94,5860.7,294.81840000000005
326.0,166.0,0.0,174.0,9.0,882.0,790.0,28,61.23,6206.099999999999,330.01020000000005
356.0,0.0,142.0,193.0,11.0,801.0,778.0,28,40.87,6378.849999999999,355.26990000000006
132.0,207.0,161.0,179.0,5.0,867.0,736.0,28,33.3,4450.349999999999,153.9807
322.0,149.0,0.0,186.0,8.0,951.0,709.0,28,52.42,6003.5,323.7968
164.0,0.0,200.0,181.0,13.0,849.0,846.0,28,15.09,5227.85,188.5163
314.0,0.0,113.0,170.0,10.0,925.0,783.0,28,38.46,5996.5,315.817
321.0,0.0,128.0,182.0,11.0,870.0,780.0,28,37.26,6137.6,323.9506
140.0,164.0,128.0,237.0,6.0,869.0,656.0,28,35.23,4368.65,159.56709999999998
288.0,121.0,0.0,177.0,7.0,908.0,829.0,28,42.13,5578.45,290.11409999999995
298.0,0.0,107.0,210.0,11.0,880.0,744.0,28,31.87,5877.5,302.59200000000004
265.0,111.0,86.0,195.0,6.0,833.0,790.0,28,41.54,5276.85,268.5465
160.0,250.0,0.0,168.0,12.0,1049.0,688.0,28,39.45,5505.2,191.4424
166.0,260.0,0.0,183.0,13.0,859.0,827.0,28,37.91,5617.95,198.4219
276.0,116.0,90.0,180.0,9.0,870.0,768.0,28,44.28,5775.0,284.63599999999997
322.0,0.0,116.0,196.0,10.0,818.0,813.0,28,31.18,5973.4,322.3998
149.0,139.0,109.0,193.0,6.0,892.0,780.0,28,23.69,4481.55,166.6449
159.0,187.0,0.0,176.0,11.0,990.0,789.0,28,32.76,5218.3,185.42179999999996
261.0,100.0,78.0,201.0,9.0,864.0,761.0,28,32.4,5562.35,269.9033
237.0,92.0,71.0,247.0,6.0,853.0,695.0,28,28.63,4883.45,241.6541
313.0,0.0,113.0,178.0,8.0,1002.0,689.0,28,36.8,5746.8,311.3054
155.0,183.0,0.0,193.0,9.0,1047.0,697.0,28,18.28,4909.55,177.8549
146.0,230.0,0.0,202.0,3.0,827.0,872.0,28,33.06,4165.5,160.03660000000002
296.0,0.0,107.0,221.0,11.0,819.0,778.0,28,31.42,5821.85,300.47730000000007
133.0,210.0,0.0,196.0,3.0,949.0,795.0,28,31.03,4064.1,147.8858
313.0,145.0,0.0,178.0,8.0,867.0,824.0,28,44.39,5928.8,315.3894
152.0,0.0,112.0,184.0,8.0,992.0,816.0,28,12.18,4491.599999999999,166.93520000000004
153.0,145.0,113.0,178.0,8.0,1002.0,689.0,28,25.56,4821.8,174.84539999999998
140.0,133.0,103.0,200.0,7.0,916.0,753.0,28,36.44,4497.2,160.01
149.0,236.0,0.0,176.0,13.0,847.0,893.0,28,32.96,5452.7,182.1058
300.0,0.0,120.0,212.0,10.0,878.0,728.0,28,23.84,5782.2,302.7676
153.0,145.0,113.0,178.0,8.0,867.0,824.0,28,26.23,4794.8,174.4404
148.0,0.0,137.0,158.0,16.0,1002.0,830.0,28,17.95,5492.3,179.19240000000002
326.0,0.0,138.0,199.0,11.0,801.0,792.0,28,40.68,6130.15,328.23370000000006
153.0,145.0,0.0,178.0,8.0,1000.0,822.0,28,19.01,4726.4,172.44340000000003
262.0,111.0,86.0,195.0,5.0,895.0,733.0,28,33.72,5148.75,264.17750000000007
158.0,0.0,195.0,220.0,11.0,898.0,713.0,28,8.54,4854.6,178.96
151.0,0.0,185.0,167.0,16.0,1074.0,678.0,28,13.46,5548.65,183.0071
273.0,0.0,90.0,199.0,11.0,931.0,762.0,28,32.24,5709.65,280.1277
149.0,118.0,92.0,183.0,7.0,953.0,780.0,28,23.52,4577.25,167.4589
143.0,169.0,143.0,191.0,8.0,967.0,643.0,28,29.72,4781.45,167.3973
260.0,101.0,78.0,171.0,10.0,936.0,763.0,28,49.77,5763.75,271.5123
313.0,161.0,0.0,178.0,10.0,917.0,759.0,28,52.44,6211.799999999999,320.05640000000005
284.0,120.0,0.0,168.0,7.0,970.0,794.0,28,40.93,5580.4,286.78040000000004
336.0,0.0,0.0,182.0,3.0,986.0,817.0,28,44.86,5225.3,320.06759999999997
145.0,0.0,134.0,181.0,11.0,979.0,812.0,28,13.2,4816.35,166.7443
150.0,237.0,0.0,174.0,12.0,1069.0,675.0,28,37.43,5392.5,181.8632
144.0,170.0,133.0,192.0,8.0,814.0,805.0,28,29.87,4751.4,167.6656
331.0,170.0,0.0,195.0,8.0,811.0,802.0,28,56.61,6068.45,332.3365
155.0,0.0,143.0,193.0,9.0,1047.0,697.0,28,12.46,4646.55,172.19989999999999
155.0,183.0,0.0,193.0,9.0,877.0,868.0,28,23.79,4876.55,177.34989999999996
135.0,0.0,166.0,180.0,10.0,961.0,805.0,28,13.29,4646.7,156.549
266.0,112.0,87.0,178.0,10.0,910.0,745.0,28,39.42,5816.9,277.4314
314.0,145.0,113.0,179.0,8.0,869.0,690.0,28,46.23,6031.75,318.68670000000003
313.0,145.0,0.0,127.0,8.0,1000.0,822.0,28,44.52,6083.85,316.42810000000003
146.0,173.0,0.0,182.0,3.0,986.0,817.0,28,23.74,4129.3,158.0636
144.0,136.0,106.0,178.0,7.0,941.0,774.0,28,26.14,4596.1,164.1454
148.0,0.0,182.0,181.0,15.0,839.0,884.0,28,15.52,5321.85,177.50029999999998
277.0,117.0,91.0,191.0,7.0,946.0,666.0,28,43.57,5538.25,281.9563
298.0,0.0,107.0,164.0,13.0,953.0,784.0,28,35.86,6242.799999999999,307.1222
313.0,145.0,0.0,178.0,8.0,1002.0,689.0,28,41.05,5955.8,315.79440000000005
155.0,184.0,143.0,194.0,9.0,880.0,699.0,28,28.99,5000.2,180.44219999999999
289.0,134.0,0.0,195.0,6.0,924.0,760.0,28,46.24,5457.05,289.5985
148.0,175.0,0.0,171.0,2.0,1000.0,828.0,28,26.92,4059.55,158.2513
145.0,0.0,179.0,202.0,8.0,824.0,869.0,28,10.54,4418.4,161.3706
313.0,0.0,0.0,178.0,8.0,1000.0,822.0,28,25.1,5651.4,308.90340000000003
136.0,162.0,126.0,172.0,10.0,923.0,764.0,28,29.07,4974.2,164.28160000000003
155.0,0.0,143.0,193.0,9.0,877.0,868.0,28,9.74,4613.55,171.69489999999996
255.0,99.0,77.0,189.0,6.0,919.0,749.0,28,33.8,5199.75,259.1607
162.0,207.0,172.0,216.0,10.0,822.0,638.0,28,39.84,5177.2,189.83880000000002
136.0,196.0,98.0,199.0,6.0,847.0,783.0,28,26.97,4469.35,157.2687
164.0,163.0,128.0,197.0,8.0,961.0,641.0,28,27.23,4903.05,185.52409999999998
162.0,214.0,164.0,202.0,10.0,820.0,680.0,28,30.65,5221.1,190.17659999999998
157.0,214.0,152.0,200.0,9.0,819.0,704.0,28,33.05,5057.3,183.584
149.0,153.0,194.0,192.0,8.0,935.0,623.0,28,24.58,4828.1,172.98659999999998
135.0,105.0,193.0,196.0,6.0,965.0,643.0,28,21.91,4379.3,154.4448
159.0,209.0,161.0,201.0,7.0,848.0,669.0,28,30.88,4837.15,181.6643
144.0,15.0,195.0,176.0,6.0,1021.0,709.0,28,15.34,4322.0,158.69079999999997
154.0,174.0,185.0,228.0,7.0,845.0,612.0,28,24.34,4678.4,175.6914
167.0,187.0,195.0,185.0,7.0,898.0,636.0,28,23.89,4933.35,188.86849999999998
184.0,86.0,190.0,213.0,6.0,923.0,623.0,28,22.93,4663.25,197.04489999999998
156.0,178.0,187.0,221.0,7.0,854.0,614.0,28,29.41,4723.85,177.8333
236.9,91.7,71.5,246.9,6.0,852.9,695.4,28,28.63,4882.974999999999,241.56317000000004
313.3,0.0,113.0,178.5,8.0,1001.9,688.7,28,36.8,5748.955,311.57325000000003
154.8,183.4,0.0,193.3,9.1,1047.4,696.7,28,18.29,4921.245,177.88549
145.9,230.5,0.0,202.5,3.4,827.0,871.8,28,32.72,4213.975,160.72375000000002
296.0,0.0,106.7,221.4,10.5,819.2,778.4,28,31.42,5761.91,299.53292000000005
133.1,210.2,0.0,195.7,3.1,949.4,795.3,28,28.94,4078.315,148.17880999999997
313.3,145.0,0.0,178.5,8.0,867.2,824.0,28,40.93,5931.615000000001,315.66115
151.6,0.0,111.9,184.4,7.9,992.0,815.9,28,12.18,4475.919999999999,166.38412
153.1,145.0,113.0,178.5,8.0,1001.9,688.7,28,25.56,4822.254999999999,174.93324999999996
139.9,132.6,103.3,200.3,7.4,916.0,753.4,28,36.44,4544.165,160.66139
149.5,236.0,0.0,175.8,12.6,846.8,892.7,28,32.96,5408.4,181.80064
299.8,0.0,119.8,211.5,9.9,878.2,727.6,28,23.84,5767.915,302.39365
153.1,145.0,113.0,178.5,8.0,867.2,824.0,28,26.23,4795.915,174.53214999999997
148.1,0.0,136.6,158.1,16.1,1001.8,830.1,28,17.96,5504.215,179.45852999999997
326.5,0.0,137.9,199.0,10.8,801.1,792.5,28,38.63,6110.82,328.3083
152.7,144.7,0.0,178.1,8.0,999.7,822.2,28,19.01,4722.795,172.15642999999997
261.9,110.5,86.1,195.4,5.0,895.2,732.6,28,33.72,5146.46,264.06392
158.4,0.0,194.9,219.7,11.0,897.7,712.9,28,8.54,4857.325,179.31431000000003
150.7,0.0,185.3,166.7,15.6,1074.5,678.0,28,13.46,5499.285,181.99710999999996
272.6,0.0,89.6,198.7,10.6,931.3,762.2,28,32.25,5657.995,279.00820999999996
149.0,117.6,91.7,182.9,7.1,953.4,780.3,28,23.52,4588.225,167.62266999999994
143.0,169.4,142.7,190.7,8.4,967.4,643.5,28,29.73,4831.015,168.16761000000002
259.9,100.6,78.4,170.6,10.4,935.7,762.9,28,49.77,5810.02,272.16128
312.9,160.5,0.0,177.6,9.6,916.6,759.5,28,52.45,6161.45,319.18758
284.0,119.7,0.0,168.3,7.2,970.4,794.2,28,40.93,5604.195,287.14509
336.5,0.0,0.0,181.9,3.4,985.8,816.8,28,44.87,5277.105,321.26697
144.8,0.0,133.6,180.8,11.1,979.5,811.5,28,13.2,4825.94,166.74294000000003
150.0,236.8,0.0,173.8,11.9,1069.3,674.8,28,37.43,5380.05,181.66614
143.7,170.2,132.6,191.6,8.5,814.1,805.3,28,29.87,4809.05,168.33737999999997
330.5,169.6,0.0,194.9,8.1,811.0,802.3,28,56.62,6075.295,332.05517000000003
154.8,0.0,142.8,193.3,9.1,1047.4,696.7,28,12.46,4656.645,172.20429000000001
154.8,183.4,0.0,193.3,9.1,877.2,867.7,28,23.79,4888.005,177.37889
134.7,0.0,165.7,180.2,10.0,961.0,804.9,28,13.29,4643.459999999999,156.27045999999996
266.2,112.3,87.5,177.9,10.4,909.7,744.5,28,39.42,5867.635,278.38757000000004
314.0,145.3,113.2,178.9,8.0,869.1,690.2,28,46.23,6033.365000000001,318.7094700000001
312.7,144.7,0.0,127.3,8.0,999.7,822.2,28,44.52,6080.254999999999,316.14119
145.7,172.6,0.0,181.9,3.4,985.8,816.8,28,23.74,4173.105,158.52217000000002
143.8,136.3,106.2,178.1,7.5,941.5,774.3,28,26.15,4656.6050000000005,164.93193000000002
148.1,0.0,182.1,181.4,15.0,838.9,884.3,28,15.53,5323.1,177.59381999999997
277.0,116.8,91.0,190.6,7.0,946.5,665.6,28,43.58,5537.830000000001,281.94778
298.1,0.0,107.5,163.6,12.8,953.2,784.0,28,35.87,6220.870000000001,306.85118000000006
313.3,145.0,0.0,178.5,8.0,1001.9,688.7,28,41.05,5957.955,316.06225000000006
155.2,183.9,143.2,193.8,9.2,879.6,698.5,28,28.99,5025.01,180.99264000000002
289.0,133.7,0.0,194.9,5.5,924.1,760.1,28,46.25,5396.365,288.64417000000003
147.8,175.1,0.0,171.2,2.2,1000.0,828.5,28,26.92,4082.66,158.45506
145.4,0.0,178.9,201.7,7.8,824.0,868.7,28,10.54,4397.285,161.35031
312.7,0.0,0.0,178.1,8.0,999.7,822.2,28,25.1,5648.695,308.63203
136.4,161.6,125.8,171.6,10.4,922.6,764.4,28,29.07,5023.9,165.36608
154.8,0.0,142.8,193.3,9.1,877.2,867.7,28,9.74,4623.405,171.69769000000002
255.3,98.8,77.0,188.6,6.5,919.0,749.3,28,33.8,5261.9800000000005,260.36168000000004
272.8,105.1,81.8,209.7,9.0,904.0,679.7,28,37.17,5652.685,280.80721000000005
162.0,190.1,148.1,178.8,18.8,838.1,741.4,28,33.76,6255.56,205.49334000000002
153.6,144.2,112.3,220.1,10.1,923.2,657.9,28,16.5,4951.544999999999,178.49963000000005
146.5,114.6,89.3,201.9,8.8,860.0,829.5,28,19.99,4695.245,167.85237000000004
151.8,178.1,138.7,167.5,18.3,944.0,694.6,28,36.35,6133.775000000001,195.10535000000002
309.9,142.8,111.2,167.8,22.1,913.9,651.2,28,38.22,7693.22,341.50353999999993
143.6,0.0,174.9,158.4,17.9,942.7,844.5,28,15.42,5702.06,179.42591999999996
303.6,139.9,0.0,213.5,6.2,895.5,722.5,28,33.42,5552.075000000001,303.01135000000005
374.3,0.0,0.0,190.2,6.7,1013.2,730.4,28,39.06,5941.3,361.28065999999995
158.6,148.9,116.0,175.1,15.0,953.3,719.7,28,27.68,5699.215,193.09222999999997
152.6,238.7,0.0,200.0,6.3,1001.8,683.9,28,26.86,4665.259999999999,173.09029999999998
310.0,142.8,0.0,167.9,10.0,914.3,804.0,28,45.3,6172.955,316.61036999999993
304.8,0.0,99.6,196.0,9.8,959.4,705.2,28,30.12,5832.28,306.69320000000005
150.9,0.0,183.9,166.6,11.6,991.2,772.2,28,15.57,5012.419999999999,174.42388
141.9,166.6,129.7,173.5,10.9,882.6,785.3,28,44.61,5126.445,171.40645
297.8,137.2,106.9,201.3,6.0,878.4,655.3,28,53.52,5596.145,299.68478999999996
321.3,164.2,0.0,190.5,4.6,870.0,774.0,28,57.22,5603.175,317.24355
366.0,187.0,0.0,191.3,6.6,824.3,756.9,28,65.91,6219.625,361.96829
279.8,128.9,100.4,172.4,9.5,825.1,804.9,28,52.83,5909.44,289.77062
252.1,97.1,75.6,193.8,8.3,835.5,821.4,28,33.4,5415.039999999999,260.43354000000005
164.6,0.0,150.4,181.6,11.7,1023.3,728.9,28,18.03,5069.839999999999,186.08218
155.6,243.5,0.0,180.3,10.7,1022.0,697.7,28,37.36,5270.214999999999,184.53658999999996
160.2,188.0,146.4,203.2,11.3,828.7,709.7,28,35.31,5288.8,189.39186
298.1,0.0,107.0,186.4,6.1,879.0,815.2,28,42.64,5359.17,293.81092000000007
317.9,0.0,126.5,209.7,5.7,860.5,736.6,28,40.06,5418.835,310.87141
287.3,120.5,93.9,187.6,9.2,904.4,695.9,28,43.8,5885.91,295.43828
325.6,166.4,0.0,174.0,8.9,881.6,790.0,28,61.24,6191.42,329.47980000000007
355.9,0.0,141.6,193.3,11.0,801.4,778.4,28,40.87,6378.094999999999,355.17439
132.0,206.5,160.9,178.9,5.5,866.9,735.6,28,33.31,4508.125000000001,154.88917000000004
322.5,148.6,0.0,185.8,8.5,951.0,709.5,28,52.43,6067.04,325.16844000000003
164.2,0.0,200.1,181.2,12.6,849.3,846.0,28,15.09,5182.12,187.94946
313.8,0.0,112.6,169.9,10.1,925.3,782.9,28,38.46,6006.254999999999,315.81607
321.4,0.0,127.9,182.5,11.5,870.1,779.7,28,37.27,6200.645,325.24735000000004
139.7,163.9,127.7,236.7,5.8,868.6,655.6,28,35.23,4340.305,158.90250999999998
288.4,121.0,0.0,177.4,7.0,907.9,829.5,28,42.14,5582.25,290.47592
298.2,0.0,107.0,209.7,11.1,879.6,744.2,28,31.88,5890.905,302.95771
264.5,111.0,86.5,195.5,5.9,832.6,790.4,28,41.54,5261.545,267.92095
159.8,250.0,0.0,168.4,12.2,1049.3,688.2,28,39.46,5528.08,191.64192000000003
166.0,259.7,0.0,183.2,12.7,858.8,826.8,28,37.92,5580.62,197.83975999999998
276.4,116.0,90.3,179.6,8.9,870.1,768.3,28,44.28,5767.4,284.81828
322.2,0.0,115.6,196.0,10.4,817.9,813.4,28,31.18,6022.579999999999,323.32220000000007
148.5,139.4,108.6,192.7,6.1,892.4,780.0,28,23.7,4490.165,166.39600999999996
159.1,186.7,0.0,175.6,11.3,989.6,788.9,28,32.77,5253.65,186.05638000000002
260.9,100.5,78.3,200.6,8.6,864.5,761.5,28,32.4,5516.679999999999,269.10177999999996
